This file contains any messages produced by compilers while
running configure, to aid debugging if configure makes a mistake.

It was created by LibTIFF Software configure 4.7.0, which was
generated by GNU Autoconf 2.71.  Invocation command line was

  $ ./configure

## --------- ##
## Platform. ##
## --------- ##

hostname = shen-virtual-machine
uname -m = x86_64
uname -r = 6.8.0-52-generic
uname -s = Linux
uname -v = #53~22.04.1-Ubuntu SMP PREEMPT_DYNAMIC Wed Jan 15 19:18:46 UTC 2

/usr/bin/uname -p = x86_64
/bin/uname -X     = unknown

/bin/arch              = x86_64
/usr/bin/arch -k       = unknown
/usr/convex/getsysinfo = unknown
/usr/bin/hostinfo      = unknown
/bin/machine           = unknown
/usr/bin/oslevel       = unknown
/bin/universe          = unknown

PATH: /home/shen/gems/bin/
PATH: /home/shen/.opam/default/bin/
PATH: /home/shen/.local/bin/
PATH: /usr/local/sbin/
PATH: /usr/local/bin/
PATH: /usr/sbin/
PATH: /usr/bin/
PATH: /sbin/
PATH: /bin/
PATH: /usr/games/
PATH: /usr/local/games/
PATH: /snap/bin/
PATH: /snap/bin/


## ----------- ##
## Core tests. ##
## ----------- ##

configure:3337: looking for aux files: ltmain.sh compile missing install-sh config.guess config.sub
configure:3350:  trying ./config/
configure:3379:   ./config/ltmain.sh found
configure:3379:   ./config/compile found
configure:3379:   ./config/missing found
configure:3361:   ./config/install-sh found
configure:3379:   ./config/config.guess found
configure:3379:   ./config/config.sub found
configure:3506: checking build system type
configure:3521: result: x86_64-pc-linux-gnu
configure:3541: checking host system type
configure:3555: result: x86_64-pc-linux-gnu
configure:3593: checking for a BSD-compatible install
configure:3666: result: /usr/bin/install -c
configure:3677: checking whether build environment is sane
configure:3732: result: yes
configure:3891: checking for a race-free mkdir -p
configure:3935: result: /usr/bin/mkdir -p
configure:3942: checking for gawk
configure:3977: result: no
configure:3942: checking for mawk
configure:3963: found /usr/bin/mawk
configure:3974: result: mawk
configure:3985: checking whether make sets $(MAKE)
configure:4008: result: yes
configure:4038: checking whether make supports nested variables
configure:4056: result: yes
configure:4141: checking whether UID '1000' is supported by ustar format
configure:4144: result: yes
configure:4151: checking whether GID '1000' is supported by ustar format
configure:4154: result: yes
configure:4162: checking how to create a ustar tar archive
configure:4173: tar --version
tar (GNU tar) 1.34
Copyright (C) 2021 Free Software Foundation, Inc.
License GPLv3+: GNU GPL version 3 or later <https://gnu.org/licenses/gpl.html>.
This is free software: you are free to change and redistribute it.
There is NO WARRANTY, to the extent permitted by law.

Written by John Gilmore and Jay Fenlason.
configure:4176: $? = 0
configure:4216: tardir=conftest.dir && eval tar --format=ustar -chf - "$tardir" >conftest.tar
configure:4219: $? = 0
configure:4223: tar -xf - <conftest.tar
configure:4226: $? = 0
configure:4228: cat conftest.dir/file
GrepMe
configure:4231: $? = 0
configure:4245: result: gnutar
configure:4310: checking whether to enable maintainer-specific portions of Makefiles
configure:4320: result: no
configure:4381: checking whether make supports the include directive
configure:4396: make -f confmf.GNU && cat confinc.out
this is the am__doit target
configure:4399: $? = 0
configure:4418: result: yes (GNU style)
configure:4494: checking for gcc
configure:4515: found /usr/bin/gcc
configure:4526: result: gcc
configure:4879: checking for C compiler version
configure:4888: gcc --version >&5
gcc (Ubuntu 13.1.0-8ubuntu1~22.04) 13.1.0
Copyright (C) 2023 Free Software Foundation, Inc.
This is free software; see the source for copying conditions.  There is NO
warranty; not even for MERCHANTABILITY or FITNESS FOR A PARTICULAR PURPOSE.

configure:4899: $? = 0
configure:4888: gcc -v >&5
Using built-in specs.
COLLECT_GCC=gcc
COLLECT_LTO_WRAPPER=/usr/libexec/gcc/x86_64-linux-gnu/13/lto-wrapper
OFFLOAD_TARGET_NAMES=nvptx-none:amdgcn-amdhsa
OFFLOAD_TARGET_DEFAULT=1
Target: x86_64-linux-gnu
Configured with: ../src/configure -v --with-pkgversion='Ubuntu 13.1.0-8ubuntu1~22.04' --with-bugurl=file:///usr/share/doc/gcc-13/README.Bugs --enable-languages=c,ada,c++,go,d,fortran,objc,obj-c++,m2,rust --prefix=/usr --with-gcc-major-version-only --program-suffix=-13 --program-prefix=x86_64-linux-gnu- --enable-shared --enable-linker-build-id --libexecdir=/usr/libexec --without-included-gettext --enable-threads=posix --libdir=/usr/lib --enable-nls --enable-bootstrap --enable-clocale=gnu --enable-libstdcxx-debug --enable-libstdcxx-time=yes --with-default-libstdcxx-abi=new --enable-gnu-unique-object --disable-vtable-verify --enable-plugin --enable-default-pie --with-system-zlib --enable-libphobos-checking=release --with-target-system-zlib=auto --enable-objc-gc=auto --enable-multiarch --disable-werror --enable-cet --with-arch-32=i686 --with-abi=m64 --with-multilib-list=m32,m64,mx32 --enable-multilib --with-tune=generic --enable-offload-targets=nvptx-none=/build/gcc-13-IvzKaI/gcc-13-13.1.0/debian/tmp-nvptx/usr,amdgcn-amdhsa=/build/gcc-13-IvzKaI/gcc-13-13.1.0/debian/tmp-gcn/usr --enable-offload-defaulted --without-cuda-driver --enable-checking=release --build=x86_64-linux-gnu --host=x86_64-linux-gnu --target=x86_64-linux-gnu --with-build-config=bootstrap-lto-lean --enable-link-serialization=2
Thread model: posix
Supported LTO compression algorithms: zlib zstd
gcc version 13.1.0 (Ubuntu 13.1.0-8ubuntu1~22.04) 
... rest of stderr output deleted ...
configure:4899: $? = 0
configure:4888: gcc -V >&5
gcc: error: unrecognized command-line option '-V'
gcc: fatal error: no input files
compilation terminated.
configure:4899: $? = 1
configure:4888: gcc -qversion >&5
gcc: error: unrecognized command-line option '-qversion'; did you mean '--version'?
gcc: fatal error: no input files
compilation terminated.
configure:4899: $? = 1
configure:4888: gcc -version >&5
gcc: error: unrecognized command-line option '-version'
gcc: fatal error: no input files
compilation terminated.
configure:4899: $? = 1
configure:4919: checking whether the C compiler works
configure:4941: gcc    conftest.c  >&5
configure:4945: $? = 0
configure:4995: result: yes
configure:4998: checking for C compiler default output file name
configure:5000: result: a.out
configure:5006: checking for suffix of executables
configure:5013: gcc -o conftest    conftest.c  >&5
configure:5017: $? = 0
configure:5040: result: 
configure:5062: checking whether we are cross compiling
configure:5070: gcc -o conftest    conftest.c  >&5
configure:5074: $? = 0
configure:5081: ./conftest
configure:5085: $? = 0
configure:5100: result: no
configure:5105: checking for suffix of object files
configure:5128: gcc -c   conftest.c >&5
configure:5132: $? = 0
configure:5154: result: o
configure:5158: checking whether the compiler supports GNU C
configure:5178: gcc -c   conftest.c >&5
configure:5178: $? = 0
configure:5188: result: yes
configure:5199: checking whether gcc accepts -g
configure:5220: gcc -c -g  conftest.c >&5
configure:5220: $? = 0
configure:5264: result: yes
configure:5284: checking for gcc option to enable C11 features
configure:5299: gcc  -c -g -O2  conftest.c >&5
configure:5299: $? = 0
configure:5317: result: none needed
configure:5433: checking whether gcc understands -c and -o together
configure:5456: gcc -c conftest.c -o conftest2.o
configure:5459: $? = 0
configure:5456: gcc -c conftest.c -o conftest2.o
configure:5459: $? = 0
configure:5471: result: yes
configure:5490: checking dependency style of gcc
configure:5602: result: gcc3
configure:5627: checking for C compiler warning flags
configure:5720: result: -Wall -W
configure:5725: checking whether ln -s works
configure:5729: result: yes
configure:5739: checking for cmake
configure:5762: found /usr/bin/cmake
configure:5774: result: /usr/bin/cmake
configure:5797: checking if LD -Wl,--version-script works
configure:5822: gcc -o conftest -g -O2 -Wall -W   -Wl,--version-script=conftest.map conftest.c  >&5
configure:5822: $? = 0
configure:5832: result: yes
configure:5895: checking how to print strings
configure:5922: result: printf
configure:5943: checking for a sed that does not truncate output
configure:6013: result: /usr/bin/sed
configure:6031: checking for grep that handles long lines and -e
configure:6095: result: /usr/bin/grep
configure:6100: checking for egrep
configure:6168: result: /usr/bin/grep -E
configure:6173: checking for fgrep
configure:6241: result: /usr/bin/grep -F
configure:6277: checking for ld used by gcc
configure:6345: result: /usr/bin/ld
configure:6352: checking if the linker (/usr/bin/ld) is GNU ld
configure:6368: result: yes
configure:6380: checking for BSD- or MS-compatible name lister (nm)
configure:6435: result: /usr/bin/nm -B
configure:6575: checking the name lister (/usr/bin/nm -B) interface
configure:6583: gcc -c -g -O2 -Wall -W  conftest.c >&5
configure:6586: /usr/bin/nm -B "conftest.o"
configure:6589: output
0000000000000000 B some_variable
configure:6596: result: BSD nm
configure:6600: checking the maximum length of command line arguments
configure:6732: result: 1572864
configure:6780: checking how to convert x86_64-pc-linux-gnu file names to x86_64-pc-linux-gnu format
configure:6821: result: func_convert_file_noop
configure:6828: checking how to convert x86_64-pc-linux-gnu file names to toolchain format
configure:6849: result: func_convert_file_noop
configure:6856: checking for /usr/bin/ld option to reload object files
configure:6864: result: -r
configure:6943: checking for objdump
configure:6964: found /usr/bin/objdump
configure:6975: result: objdump
configure:7004: checking how to recognize dependent libraries
configure:7205: result: pass_all
configure:7295: checking for dlltool
configure:7330: result: no
configure:7357: checking how to associate runtime and link libraries
configure:7385: result: printf %s\n
configure:7450: checking for ar
configure:7471: found /usr/bin/ar
configure:7482: result: ar
configure:7519: checking for archiver @FILE support
configure:7537: gcc -c -g -O2 -Wall -W  conftest.c >&5
configure:7537: $? = 0
configure:7541: ar cr libconftest.a @conftest.lst >&5
configure:7544: $? = 0
configure:7549: ar cr libconftest.a @conftest.lst >&5
ar: conftest.o: No such file or directory
configure:7552: $? = 1
configure:7564: result: @
configure:7627: checking for strip
configure:7648: found /usr/bin/strip
configure:7659: result: strip
configure:7736: checking for ranlib
configure:7757: found /usr/bin/ranlib
configure:7768: result: ranlib
configure:7870: checking command to parse /usr/bin/nm -B output from gcc object
configure:8024: gcc -c -g -O2 -Wall -W  conftest.c >&5
configure:8027: $? = 0
configure:8031: /usr/bin/nm -B conftest.o | sed -n -e 's/^.*[	 ]\([ABCDGIRSTW][ABCDGIRSTW]*\)[	 ][	 ]*\([_A-Za-z][_A-Za-z0-9]*\)$/\1 \2 \2/p' | sed '/ __gnu_lto/d' > conftest.nm
configure:8097: gcc -o conftest -g -O2 -Wall -W   conftest.c conftstm.o >&5
configure:8100: $? = 0
configure:8138: result: ok
configure:8185: checking for sysroot
configure:8216: result: no
configure:8223: checking for a working dd
configure:8267: result: /usr/bin/dd
configure:8271: checking how to truncate binary pipes
configure:8287: result: /usr/bin/dd bs=4096 count=1
configure:8424: gcc -c -g -O2 -Wall -W  conftest.c >&5
configure:8427: $? = 0
configure:8624: checking for mt
configure:8645: found /usr/bin/mt
configure:8656: result: mt
configure:8679: checking if mt is a manifest tool
configure:8686: mt '-?'
configure:8694: result: no
configure:9424: checking for stdio.h
configure:9424: gcc -c -g -O2 -Wall -W  conftest.c >&5
configure:9424: $? = 0
configure:9424: result: yes
configure:9424: checking for stdlib.h
configure:9424: gcc -c -g -O2 -Wall -W  conftest.c >&5
configure:9424: $? = 0
configure:9424: result: yes
configure:9424: checking for string.h
configure:9424: gcc -c -g -O2 -Wall -W  conftest.c >&5
configure:9424: $? = 0
configure:9424: result: yes
configure:9424: checking for inttypes.h
configure:9424: gcc -c -g -O2 -Wall -W  conftest.c >&5
configure:9424: $? = 0
configure:9424: result: yes
configure:9424: checking for stdint.h
configure:9424: gcc -c -g -O2 -Wall -W  conftest.c >&5
configure:9424: $? = 0
configure:9424: result: yes
configure:9424: checking for strings.h
configure:9424: gcc -c -g -O2 -Wall -W  conftest.c >&5
configure:9424: $? = 0
configure:9424: result: yes
configure:9424: checking for sys/stat.h
configure:9424: gcc -c -g -O2 -Wall -W  conftest.c >&5
configure:9424: $? = 0
configure:9424: result: yes
configure:9424: checking for sys/types.h
configure:9424: gcc -c -g -O2 -Wall -W  conftest.c >&5
configure:9424: $? = 0
configure:9424: result: yes
configure:9424: checking for unistd.h
configure:9424: gcc -c -g -O2 -Wall -W  conftest.c >&5
configure:9424: $? = 0
configure:9424: result: yes
configure:9424: checking for sys/time.h
configure:9424: gcc -c -g -O2 -Wall -W  conftest.c >&5
configure:9424: $? = 0
configure:9424: result: yes
configure:9449: checking for dlfcn.h
configure:9449: gcc -c -g -O2 -Wall -W  conftest.c >&5
configure:9449: $? = 0
configure:9449: result: yes
configure:10036: checking for objdir
configure:10052: result: .libs
configure:10316: checking if gcc supports -fno-rtti -fno-exceptions
configure:10335: gcc -c -g -O2 -Wall -W  -fno-rtti -fno-exceptions conftest.c >&5
cc1: warning: command-line option '-fno-rtti' is valid for C++/D/ObjC++ but not for C
configure:10339: $? = 0
configure:10352: result: no
configure:10716: checking for gcc option to produce PIC
configure:10724: result: -fPIC -DPIC
configure:10732: checking if gcc PIC flag -fPIC -DPIC works
configure:10751: gcc -c -g -O2 -Wall -W  -fPIC -DPIC -DPIC conftest.c >&5
configure:10755: $? = 0
configure:10768: result: yes
configure:10797: checking if gcc static flag -static works
configure:10826: result: yes
configure:10841: checking if gcc supports -c -o file.o
configure:10863: gcc -c -g -O2 -Wall -W  -o out/conftest2.o conftest.c >&5
configure:10867: $? = 0
configure:10889: result: yes
configure:10897: checking if gcc supports -c -o file.o
configure:10945: result: yes
configure:10978: checking whether the gcc linker (/usr/bin/ld -m elf_x86_64) supports shared libraries
configure:12248: result: yes
configure:12285: checking whether -lc should be explicitly linked in
configure:12294: gcc -c -g -O2 -Wall -W  conftest.c >&5
configure:12297: $? = 0
configure:12312: gcc -shared  -fPIC -DPIC conftest.o  -v -Wl,-soname -Wl,conftest -o conftest 2\>\&1 \| /usr/bin/grep  -lc  \>/dev/null 2\>\&1
configure:12315: $? = 0
configure:12329: result: no
configure:12489: checking dynamic linker characteristics
configure:13071: gcc -o conftest -g -O2 -Wall -W   -Wl,-rpath -Wl,/foo conftest.c  >&5
configure:13071: $? = 0
configure:13322: result: GNU/Linux ld.so
configure:13444: checking how to hardcode library paths into programs
configure:13469: result: immediate
configure:14021: checking whether stripping libraries is possible
configure:14026: result: yes
configure:14061: checking if libtool supports shared libraries
configure:14063: result: yes
configure:14066: checking whether to build shared libraries
configure:14091: result: yes
configure:14094: checking whether to build static libraries
configure:14098: result: yes
configure:14204: checking for g++
configure:14225: found /usr/bin/g++
configure:14236: result: g++
configure:14263: checking for C++ compiler version
configure:14272: g++ --version >&5
g++ (Ubuntu 11.4.0-1ubuntu1~22.04) 11.4.0
Copyright (C) 2021 Free Software Foundation, Inc.
This is free software; see the source for copying conditions.  There is NO
warranty; not even for MERCHANTABILITY or FITNESS FOR A PARTICULAR PURPOSE.

configure:14283: $? = 0
configure:14272: g++ -v >&5
Using built-in specs.
COLLECT_GCC=g++
COLLECT_LTO_WRAPPER=/usr/lib/gcc/x86_64-linux-gnu/11/lto-wrapper
OFFLOAD_TARGET_NAMES=nvptx-none:amdgcn-amdhsa
OFFLOAD_TARGET_DEFAULT=1
Target: x86_64-linux-gnu
Configured with: ../src/configure -v --with-pkgversion='Ubuntu 11.4.0-1ubuntu1~22.04' --with-bugurl=file:///usr/share/doc/gcc-11/README.Bugs --enable-languages=c,ada,c++,go,brig,d,fortran,objc,obj-c++,m2 --prefix=/usr --with-gcc-major-version-only --program-suffix=-11 --program-prefix=x86_64-linux-gnu- --enable-shared --enable-linker-build-id --libexecdir=/usr/lib --without-included-gettext --enable-threads=posix --libdir=/usr/lib --enable-nls --enable-bootstrap --enable-clocale=gnu --enable-libstdcxx-debug --enable-libstdcxx-time=yes --with-default-libstdcxx-abi=new --enable-gnu-unique-object --disable-vtable-verify --enable-plugin --enable-default-pie --with-system-zlib --enable-libphobos-checking=release --with-target-system-zlib=auto --enable-objc-gc=auto --enable-multiarch --disable-werror --enable-cet --with-arch-32=i686 --with-abi=m64 --with-multilib-list=m32,m64,mx32 --enable-multilib --with-tune=generic --enable-offload-targets=nvptx-none=/build/gcc-11-XeT9lY/gcc-11-11.4.0/debian/tmp-nvptx/usr,amdgcn-amdhsa=/build/gcc-11-XeT9lY/gcc-11-11.4.0/debian/tmp-gcn/usr --without-cuda-driver --enable-checking=release --build=x86_64-linux-gnu --host=x86_64-linux-gnu --target=x86_64-linux-gnu --with-build-config=bootstrap-lto-lean --enable-link-serialization=2
Thread model: posix
Supported LTO compression algorithms: zlib zstd
gcc version 11.4.0 (Ubuntu 11.4.0-1ubuntu1~22.04) 
... rest of stderr output deleted ...
configure:14283: $? = 0
configure:14272: g++ -V >&5
g++: error: unrecognized command-line option '-V'
g++: fatal error: no input files
compilation terminated.
configure:14283: $? = 1
configure:14272: g++ -qversion >&5
g++: error: unrecognized command-line option '-qversion'; did you mean '--version'?
g++: fatal error: no input files
compilation terminated.
configure:14283: $? = 1
configure:14287: checking whether the compiler supports GNU C++
configure:14307: g++ -c   conftest.cpp >&5
configure:14307: $? = 0
configure:14317: result: yes
configure:14328: checking whether g++ accepts -g
configure:14349: g++ -c -g  conftest.cpp >&5
configure:14349: $? = 0
configure:14393: result: yes
configure:14413: checking for g++ option to enable C++11 features
configure:14428: g++  -c -g -O2  conftest.cpp >&5
conftest.cpp: In function 'int main(int, char**)':
conftest.cpp:190:25: warning: empty parentheses were disambiguated as a function declaration [-Wvexing-parse]
  190 |   cxx11test::delegate d2();
      |                         ^~
conftest.cpp:190:25: note: remove parentheses to default-initialize a variable
  190 |   cxx11test::delegate d2();
      |                         ^~
      |                         --
conftest.cpp:190:25: note: or replace parentheses with braces to value-initialize a variable
configure:14428: $? = 0
configure:14446: result: none needed
configure:14512: checking dependency style of g++
configure:14624: result: gcc3
configure:14658: checking how to run the C++ preprocessor
configure:14680: g++ -E  conftest.cpp
configure:14680: $? = 0
configure:14695: g++ -E  conftest.cpp
conftest.cpp:24:10: fatal error: ac_nonexistent.h: No such file or directory
   24 | #include <ac_nonexistent.h>
      |          ^~~~~~~~~~~~~~~~~~
compilation terminated.
configure:14695: $? = 1
configure: failed program was:
| /* confdefs.h */
| #define PACKAGE_NAME "LibTIFF Software"
| #define PACKAGE_TARNAME "tiff"
| #define PACKAGE_VERSION "4.7.0"
| #define PACKAGE_STRING "LibTIFF Software 4.7.0"
| #define PACKAGE_BUGREPORT "tiff@lists.osgeo.org"
| #define PACKAGE_URL ""
| #define PACKAGE "tiff"
| #define VERSION "4.7.0"
| #define HAVE_STDIO_H 1
| #define HAVE_STDLIB_H 1
| #define HAVE_STRING_H 1
| #define HAVE_INTTYPES_H 1
| #define HAVE_STDINT_H 1
| #define HAVE_STRINGS_H 1
| #define HAVE_SYS_STAT_H 1
| #define HAVE_SYS_TYPES_H 1
| #define HAVE_UNISTD_H 1
| #define HAVE_SYS_TIME_H 1
| #define STDC_HEADERS 1
| #define HAVE_DLFCN_H 1
| #define LT_OBJDIR ".libs/"
| /* end confdefs.h.  */
| #include <ac_nonexistent.h>
configure:14722: result: g++ -E
configure:14736: g++ -E  conftest.cpp
configure:14736: $? = 0
configure:14751: g++ -E  conftest.cpp
conftest.cpp:24:10: fatal error: ac_nonexistent.h: No such file or directory
   24 | #include <ac_nonexistent.h>
      |          ^~~~~~~~~~~~~~~~~~
compilation terminated.
configure:14751: $? = 1
configure: failed program was:
| /* confdefs.h */
| #define PACKAGE_NAME "LibTIFF Software"
| #define PACKAGE_TARNAME "tiff"
| #define PACKAGE_VERSION "4.7.0"
| #define PACKAGE_STRING "LibTIFF Software 4.7.0"
| #define PACKAGE_BUGREPORT "tiff@lists.osgeo.org"
| #define PACKAGE_URL ""
| #define PACKAGE "tiff"
| #define VERSION "4.7.0"
| #define HAVE_STDIO_H 1
| #define HAVE_STDLIB_H 1
| #define HAVE_STRING_H 1
| #define HAVE_INTTYPES_H 1
| #define HAVE_STDINT_H 1
| #define HAVE_STRINGS_H 1
| #define HAVE_SYS_STAT_H 1
| #define HAVE_SYS_TYPES_H 1
| #define HAVE_UNISTD_H 1
| #define HAVE_SYS_TIME_H 1
| #define STDC_HEADERS 1
| #define HAVE_DLFCN_H 1
| #define LT_OBJDIR ".libs/"
| /* end confdefs.h.  */
| #include <ac_nonexistent.h>
configure:14916: checking for ld used by g++
configure:14984: result: /usr/bin/ld -m elf_x86_64
configure:14991: checking if the linker (/usr/bin/ld -m elf_x86_64) is GNU ld
configure:15007: result: yes
configure:15062: checking whether the g++ linker (/usr/bin/ld -m elf_x86_64) supports shared libraries
configure:16139: result: yes
configure:16175: g++ -c -g -O2  conftest.cpp >&5
configure:16178: $? = 0
configure:16659: checking for g++ option to produce PIC
configure:16667: result: -fPIC -DPIC
configure:16675: checking if g++ PIC flag -fPIC -DPIC works
configure:16694: g++ -c -g -O2  -fPIC -DPIC -DPIC conftest.cpp >&5
configure:16698: $? = 0
configure:16711: result: yes
configure:16734: checking if g++ static flag -static works
configure:16763: result: yes
configure:16775: checking if g++ supports -c -o file.o
configure:16797: g++ -c -g -O2  -o out/conftest2.o conftest.cpp >&5
configure:16801: $? = 0
configure:16823: result: yes
configure:16828: checking if g++ supports -c -o file.o
configure:16876: result: yes
configure:16906: checking whether the g++ linker (/usr/bin/ld -m elf_x86_64) supports shared libraries
configure:16949: result: yes
configure:17091: checking dynamic linker characteristics
configure:17851: result: GNU/Linux ld.so
configure:17916: checking how to hardcode library paths into programs
configure:17941: result: immediate
configure:17995: checking whether make supports nested variables
configure:18013: result: yes
configure:18048: checking for sin in -lm
configure:18071: gcc -o conftest -g -O2 -Wall -W    conftest.c -lm   >&5
conftest.c:28:6: warning: conflicting types for built-in function 'sin'; expected 'double(double)' [-Wbuiltin-declaration-mismatch]
   28 | char sin ();
      |      ^~~
conftest.c:1:1: note: 'sin' is declared in header '<math.h>'
    1 | /* confdefs.h */
configure:18071: $? = 0
configure:18081: result: yes
configure:18097: checking for assert.h
configure:18097: gcc -c -g -O2 -Wall -W   conftest.c >&5
configure:18097: $? = 0
configure:18097: result: yes
configure:18103: checking for fcntl.h
configure:18103: gcc -c -g -O2 -Wall -W   conftest.c >&5
configure:18103: $? = 0
configure:18103: result: yes
configure:18109: checking for io.h
configure:18109: gcc -c -g -O2 -Wall -W   conftest.c >&5
conftest.c:54:10: fatal error: io.h: No such file or directory
   54 | #include <io.h>
      |          ^~~~~~
compilation terminated.
configure:18109: $? = 1
configure: failed program was:
| /* confdefs.h */
| #define PACKAGE_NAME "LibTIFF Software"
| #define PACKAGE_TARNAME "tiff"
| #define PACKAGE_VERSION "4.7.0"
| #define PACKAGE_STRING "LibTIFF Software 4.7.0"
| #define PACKAGE_BUGREPORT "tiff@lists.osgeo.org"
| #define PACKAGE_URL ""
| #define PACKAGE "tiff"
| #define VERSION "4.7.0"
| #define HAVE_STDIO_H 1
| #define HAVE_STDLIB_H 1
| #define HAVE_STRING_H 1
| #define HAVE_INTTYPES_H 1
| #define HAVE_STDINT_H 1
| #define HAVE_STRINGS_H 1
| #define HAVE_SYS_STAT_H 1
| #define HAVE_SYS_TYPES_H 1
| #define HAVE_UNISTD_H 1
| #define HAVE_SYS_TIME_H 1
| #define STDC_HEADERS 1
| #define HAVE_DLFCN_H 1
| #define LT_OBJDIR ".libs/"
| #define HAVE_ASSERT_H 1
| #define HAVE_FCNTL_H 1
| /* end confdefs.h.  */
| #include <stddef.h>
| #ifdef HAVE_STDIO_H
| # include <stdio.h>
| #endif
| #ifdef HAVE_STDLIB_H
| # include <stdlib.h>
| #endif
| #ifdef HAVE_STRING_H
| # include <string.h>
| #endif
| #ifdef HAVE_INTTYPES_H
| # include <inttypes.h>
| #endif
| #ifdef HAVE_STDINT_H
| # include <stdint.h>
| #endif
| #ifdef HAVE_STRINGS_H
| # include <strings.h>
| #endif
| #ifdef HAVE_SYS_TYPES_H
| # include <sys/types.h>
| #endif
| #ifdef HAVE_SYS_STAT_H
| # include <sys/stat.h>
| #endif
| #ifdef HAVE_UNISTD_H
| # include <unistd.h>
| #endif
| #include <io.h>
configure:18109: result: no
configure:18115: checking for search.h
configure:18115: gcc -c -g -O2 -Wall -W   conftest.c >&5
configure:18115: $? = 0
configure:18115: result: yes
configure:18121: checking for unistd.h
configure:18121: result: yes
configure:18129: checking for an ANSI C-conforming const
configure:18196: gcc -c -g -O2 -Wall -W   conftest.c >&5
configure:18196: $? = 0
configure:18204: result: yes
configure:18212: checking whether byte ordering is bigendian
configure:18228: gcc -c -g -O2 -Wall -W   conftest.c >&5
conftest.c:29:16: error: unknown type name 'not'
   29 |                not a universal capable compiler
      |                ^~~
conftest.c:29:22: error: expected '=', ',', ';', 'asm' or '__attribute__' before 'universal'
   29 |                not a universal capable compiler
      |                      ^~~~~~~~~
conftest.c:29:22: error: unknown type name 'universal'
configure:18228: $? = 1
configure: failed program was:
| /* confdefs.h */
| #define PACKAGE_NAME "LibTIFF Software"
| #define PACKAGE_TARNAME "tiff"
| #define PACKAGE_VERSION "4.7.0"
| #define PACKAGE_STRING "LibTIFF Software 4.7.0"
| #define PACKAGE_BUGREPORT "tiff@lists.osgeo.org"
| #define PACKAGE_URL ""
| #define PACKAGE "tiff"
| #define VERSION "4.7.0"
| #define HAVE_STDIO_H 1
| #define HAVE_STDLIB_H 1
| #define HAVE_STRING_H 1
| #define HAVE_INTTYPES_H 1
| #define HAVE_STDINT_H 1
| #define HAVE_STRINGS_H 1
| #define HAVE_SYS_STAT_H 1
| #define HAVE_SYS_TYPES_H 1
| #define HAVE_UNISTD_H 1
| #define HAVE_SYS_TIME_H 1
| #define STDC_HEADERS 1
| #define HAVE_DLFCN_H 1
| #define LT_OBJDIR ".libs/"
| #define HAVE_ASSERT_H 1
| #define HAVE_FCNTL_H 1
| #define HAVE_SEARCH_H 1
| #define HAVE_UNISTD_H 1
| /* end confdefs.h.  */
| #ifndef __APPLE_CC__
| 	       not a universal capable compiler
| 	     #endif
| 	     typedef int dummy;
| 
configure:18274: gcc -c -g -O2 -Wall -W   conftest.c >&5
configure:18274: $? = 0
configure:18293: gcc -c -g -O2 -Wall -W   conftest.c >&5
conftest.c: In function 'main':
conftest.c:35:18: error: unknown type name 'not'; did you mean 'ino_t'?
   35 |                  not big endian
      |                  ^~~
      |                  ino_t
conftest.c:35:26: error: expected '=', ',', ';', 'asm' or '__attribute__' before 'endian'
   35 |                  not big endian
      |                          ^~~~~~
configure:18293: $? = 1
configure: failed program was:
| /* confdefs.h */
| #define PACKAGE_NAME "LibTIFF Software"
| #define PACKAGE_TARNAME "tiff"
| #define PACKAGE_VERSION "4.7.0"
| #define PACKAGE_STRING "LibTIFF Software 4.7.0"
| #define PACKAGE_BUGREPORT "tiff@lists.osgeo.org"
| #define PACKAGE_URL ""
| #define PACKAGE "tiff"
| #define VERSION "4.7.0"
| #define HAVE_STDIO_H 1
| #define HAVE_STDLIB_H 1
| #define HAVE_STRING_H 1
| #define HAVE_INTTYPES_H 1
| #define HAVE_STDINT_H 1
| #define HAVE_STRINGS_H 1
| #define HAVE_SYS_STAT_H 1
| #define HAVE_SYS_TYPES_H 1
| #define HAVE_UNISTD_H 1
| #define HAVE_SYS_TIME_H 1
| #define STDC_HEADERS 1
| #define HAVE_DLFCN_H 1
| #define LT_OBJDIR ".libs/"
| #define HAVE_ASSERT_H 1
| #define HAVE_FCNTL_H 1
| #define HAVE_SEARCH_H 1
| #define HAVE_UNISTD_H 1
| /* end confdefs.h.  */
| #include <sys/types.h>
| 		#include <sys/param.h>
| 
| int
| main (void)
| {
| #if BYTE_ORDER != BIG_ENDIAN
| 		 not big endian
| 		#endif
| 
|   ;
|   return 0;
| }
configure:18427: result: no
configure:18445: checking for off_t
configure:18445: gcc -c -g -O2 -Wall -W   conftest.c >&5
configure:18445: $? = 0
configure:18445: gcc -c -g -O2 -Wall -W   conftest.c >&5
conftest.c: In function 'main':
conftest.c:59:20: error: expected expression before ')' token
   59 | if (sizeof ((off_t)))
      |                    ^
configure:18445: $? = 1
configure: failed program was:
| /* confdefs.h */
| #define PACKAGE_NAME "LibTIFF Software"
| #define PACKAGE_TARNAME "tiff"
| #define PACKAGE_VERSION "4.7.0"
| #define PACKAGE_STRING "LibTIFF Software 4.7.0"
| #define PACKAGE_BUGREPORT "tiff@lists.osgeo.org"
| #define PACKAGE_URL ""
| #define PACKAGE "tiff"
| #define VERSION "4.7.0"
| #define HAVE_STDIO_H 1
| #define HAVE_STDLIB_H 1
| #define HAVE_STRING_H 1
| #define HAVE_INTTYPES_H 1
| #define HAVE_STDINT_H 1
| #define HAVE_STRINGS_H 1
| #define HAVE_SYS_STAT_H 1
| #define HAVE_SYS_TYPES_H 1
| #define HAVE_UNISTD_H 1
| #define HAVE_SYS_TIME_H 1
| #define STDC_HEADERS 1
| #define HAVE_DLFCN_H 1
| #define LT_OBJDIR ".libs/"
| #define HAVE_ASSERT_H 1
| #define HAVE_FCNTL_H 1
| #define HAVE_SEARCH_H 1
| #define HAVE_UNISTD_H 1
| /* end confdefs.h.  */
| #include <stddef.h>
| #ifdef HAVE_STDIO_H
| # include <stdio.h>
| #endif
| #ifdef HAVE_STDLIB_H
| # include <stdlib.h>
| #endif
| #ifdef HAVE_STRING_H
| # include <string.h>
| #endif
| #ifdef HAVE_INTTYPES_H
| # include <inttypes.h>
| #endif
| #ifdef HAVE_STDINT_H
| # include <stdint.h>
| #endif
| #ifdef HAVE_STRINGS_H
| # include <strings.h>
| #endif
| #ifdef HAVE_SYS_TYPES_H
| # include <sys/types.h>
| #endif
| #ifdef HAVE_SYS_STAT_H
| # include <sys/stat.h>
| #endif
| #ifdef HAVE_UNISTD_H
| # include <unistd.h>
| #endif
| int
| main (void)
| {
| if (sizeof ((off_t)))
| 	    return 0;
|   ;
|   return 0;
| }
configure:18445: result: yes
configure:18455: checking for size_t
configure:18455: gcc -c -g -O2 -Wall -W   conftest.c >&5
configure:18455: $? = 0
configure:18455: gcc -c -g -O2 -Wall -W   conftest.c >&5
conftest.c: In function 'main':
conftest.c:59:21: error: expected expression before ')' token
   59 | if (sizeof ((size_t)))
      |                     ^
configure:18455: $? = 1
configure: failed program was:
| /* confdefs.h */
| #define PACKAGE_NAME "LibTIFF Software"
| #define PACKAGE_TARNAME "tiff"
| #define PACKAGE_VERSION "4.7.0"
| #define PACKAGE_STRING "LibTIFF Software 4.7.0"
| #define PACKAGE_BUGREPORT "tiff@lists.osgeo.org"
| #define PACKAGE_URL ""
| #define PACKAGE "tiff"
| #define VERSION "4.7.0"
| #define HAVE_STDIO_H 1
| #define HAVE_STDLIB_H 1
| #define HAVE_STRING_H 1
| #define HAVE_INTTYPES_H 1
| #define HAVE_STDINT_H 1
| #define HAVE_STRINGS_H 1
| #define HAVE_SYS_STAT_H 1
| #define HAVE_SYS_TYPES_H 1
| #define HAVE_UNISTD_H 1
| #define HAVE_SYS_TIME_H 1
| #define STDC_HEADERS 1
| #define HAVE_DLFCN_H 1
| #define LT_OBJDIR ".libs/"
| #define HAVE_ASSERT_H 1
| #define HAVE_FCNTL_H 1
| #define HAVE_SEARCH_H 1
| #define HAVE_UNISTD_H 1
| /* end confdefs.h.  */
| #include <stddef.h>
| #ifdef HAVE_STDIO_H
| # include <stdio.h>
| #endif
| #ifdef HAVE_STDLIB_H
| # include <stdlib.h>
| #endif
| #ifdef HAVE_STRING_H
| # include <string.h>
| #endif
| #ifdef HAVE_INTTYPES_H
| # include <inttypes.h>
| #endif
| #ifdef HAVE_STDINT_H
| # include <stdint.h>
| #endif
| #ifdef HAVE_STRINGS_H
| # include <strings.h>
| #endif
| #ifdef HAVE_SYS_TYPES_H
| # include <sys/types.h>
| #endif
| #ifdef HAVE_SYS_STAT_H
| # include <sys/stat.h>
| #endif
| #ifdef HAVE_UNISTD_H
| # include <unistd.h>
| #endif
| int
| main (void)
| {
| if (sizeof ((size_t)))
| 	    return 0;
|   ;
|   return 0;
| }
configure:18455: result: yes
configure:18475: checking whether struct tm is in sys/time.h or time.h
configure:18496: gcc -c -g -O2 -Wall -W   conftest.c >&5
configure:18496: $? = 0
configure:18504: result: time.h
configure:18513: checking for _LARGEFILE_SOURCE value needed for large files
configure:18533: gcc -o conftest -g -O2 -Wall -W    conftest.c -lm  >&5
configure:18533: $? = 0
configure:18563: result: no
configure:18583: checking for gcc options needed to detect all undeclared functions
configure:18605: gcc -c -g -O2 -Wall -W    conftest.c >&5
conftest.c: In function 'main':
conftest.c:34:8: error: 'strchr' undeclared (first use in this function)
   34 | (void) strchr;
      |        ^~~~~~
conftest.c:1:1: note: 'strchr' is defined in header '<string.h>'; did you forget to '#include <string.h>'?
    1 | /* confdefs.h */
conftest.c:34:8: note: each undeclared identifier is reported only once for each function it appears in
   34 | (void) strchr;
      |        ^~~~~~
configure:18605: $? = 1
configure: failed program was:
| /* confdefs.h */
| #define PACKAGE_NAME "LibTIFF Software"
| #define PACKAGE_TARNAME "tiff"
| #define PACKAGE_VERSION "4.7.0"
| #define PACKAGE_STRING "LibTIFF Software 4.7.0"
| #define PACKAGE_BUGREPORT "tiff@lists.osgeo.org"
| #define PACKAGE_URL ""
| #define PACKAGE "tiff"
| #define VERSION "4.7.0"
| #define HAVE_STDIO_H 1
| #define HAVE_STDLIB_H 1
| #define HAVE_STRING_H 1
| #define HAVE_INTTYPES_H 1
| #define HAVE_STDINT_H 1
| #define HAVE_STRINGS_H 1
| #define HAVE_SYS_STAT_H 1
| #define HAVE_SYS_TYPES_H 1
| #define HAVE_UNISTD_H 1
| #define HAVE_SYS_TIME_H 1
| #define STDC_HEADERS 1
| #define HAVE_DLFCN_H 1
| #define LT_OBJDIR ".libs/"
| #define HAVE_ASSERT_H 1
| #define HAVE_FCNTL_H 1
| #define HAVE_SEARCH_H 1
| #define HAVE_UNISTD_H 1
| #define TIME_WITH_SYS_TIME 1
| #define HAVE_FSEEKO 1
| /* end confdefs.h.  */
| 
| int
| main (void)
| {
| (void) strchr;
|   ;
|   return 0;
| }
configure:18632: gcc -c -g -O2 -Wall -W    conftest.c >&5
configure:18632: $? = 0
configure:18649: result: none needed
configure:18663: checking whether optarg is declared
configure:18663: gcc -c -g -O2 -Wall -W    conftest.c >&5
configure:18663: $? = 0
configure:18663: result: yes
configure:18695: checking size of size_t
configure:18701: gcc -o conftest -g -O2 -Wall -W    conftest.c -lm  >&5
configure:18701: $? = 0
configure:18701: ./conftest
configure:18701: $? = 0
configure:18716: result: 8
configure:18751: checking for signed size type
configure:18753: result: int64_t
configure:18759: checking for mmap
configure:18759: gcc -o conftest -g -O2 -Wall -W    conftest.c -lm  >&5
configure:18759: $? = 0
configure:18759: result: yes
configure:18765: checking for setmode
configure:18765: gcc -o conftest -g -O2 -Wall -W    conftest.c -lm  >&5
/usr/bin/ld: /tmp/ccSJVUFs.o: in function `main':
/home/shen/MDAFL/static_analysis/benchmark/projects/libtiff/conftest.c:61: undefined reference to `setmode'
collect2: error: ld returned 1 exit status
configure:18765: $? = 1
configure: failed program was:
| /* confdefs.h */
| #define PACKAGE_NAME "LibTIFF Software"
| #define PACKAGE_TARNAME "tiff"
| #define PACKAGE_VERSION "4.7.0"
| #define PACKAGE_STRING "LibTIFF Software 4.7.0"
| #define PACKAGE_BUGREPORT "tiff@lists.osgeo.org"
| #define PACKAGE_URL ""
| #define PACKAGE "tiff"
| #define VERSION "4.7.0"
| #define HAVE_STDIO_H 1
| #define HAVE_STDLIB_H 1
| #define HAVE_STRING_H 1
| #define HAVE_INTTYPES_H 1
| #define HAVE_STDINT_H 1
| #define HAVE_STRINGS_H 1
| #define HAVE_SYS_STAT_H 1
| #define HAVE_SYS_TYPES_H 1
| #define HAVE_UNISTD_H 1
| #define HAVE_SYS_TIME_H 1
| #define STDC_HEADERS 1
| #define HAVE_DLFCN_H 1
| #define LT_OBJDIR ".libs/"
| #define HAVE_ASSERT_H 1
| #define HAVE_FCNTL_H 1
| #define HAVE_SEARCH_H 1
| #define HAVE_UNISTD_H 1
| #define TIME_WITH_SYS_TIME 1
| #define HAVE_FSEEKO 1
| #define HAVE_DECL_OPTARG 1
| #define SIZEOF_SIZE_T 8
| #define TIFF_SSIZE_T int64_t
| #define HAVE_MMAP 1
| /* end confdefs.h.  */
| /* Define setmode to an innocuous variant, in case <limits.h> declares setmode.
|    For example, HP-UX 11i <limits.h> declares gettimeofday.  */
| #define setmode innocuous_setmode
| 
| /* System header to define __stub macros and hopefully few prototypes,
|    which can conflict with char setmode (); below.  */
| 
| #include <limits.h>
| #undef setmode
| 
| /* Override any GCC internal prototype to avoid an error.
|    Use char because int might match the return type of a GCC
|    builtin and then its argument prototype would still apply.  */
| #ifdef __cplusplus
| extern "C"
| #endif
| char setmode ();
| /* The GNU C library defines this for functions which it implements
|     to always fail with ENOSYS.  Some functions are actually named
|     something starting with __ and the normal name is an alias.  */
| #if defined __stub_setmode || defined __stub___setmode
| choke me
| #endif
| 
| int
| main (void)
| {
| return setmode ();
|   ;
|   return 0;
| }
configure:18765: result: no
configure:18773: checking for getopt
configure:18773: gcc -o conftest -g -O2 -Wall -W    conftest.c -lm  >&5
configure:18773: $? = 0
configure:18773: result: yes
configure:18832: checking for special C compiler options needed for large files
configure:18880: result: no
configure:18886: checking for _FILE_OFFSET_BITS value needed for large files
configure:18912: gcc -c -g -O2 -Wall -W   conftest.c >&5
configure:18912: $? = 0
configure:18946: result: no
configure:19255: checking for inflateEnd in -lz
configure:19278: gcc -o conftest -g -O2 -Wall -W    conftest.c -lz  -lm  >&5
configure:19278: $? = 0
configure:19288: result: yes
configure:19304: checking for zlib.h
configure:19304: gcc -c -g -O2 -Wall -W   conftest.c >&5
configure:19304: $? = 0
configure:19304: result: yes
configure:19366: checking for libdeflate_zlib_decompress in -ldeflate
configure:19389: gcc -o conftest -g -O2 -Wall -W    conftest.c -ldeflate  -lz -lm  >&5
configure:19389: $? = 0
configure:19399: result: yes
configure:19415: checking for libdeflate.h
configure:19415: gcc -c -g -O2 -Wall -W   conftest.c >&5
configure:19415: $? = 0
configure:19415: result: yes
configure:19503: checking for jpeg_read_scanlines in -ljpeg
configure:19526: gcc -o conftest -g -O2 -Wall -W    conftest.c -ljpeg  -ldeflate -lz -lm  >&5
configure:19526: $? = 0
configure:19536: result: yes
configure:19552: checking for jpeglib.h
configure:19552: gcc -c -g -O2 -Wall -W   conftest.c >&5
configure:19552: $? = 0
configure:19552: result: yes
configure:19565: checking for jpeg12_read_scanlines in -ljpeg
configure:19588: gcc -o conftest -g -O2 -Wall -W    conftest.c -ljpeg  -ldeflate -lz -lm  >&5
/usr/bin/ld: /tmp/cc1ge1JT.o: in function `main':
/home/shen/MDAFL/static_analysis/benchmark/projects/libtiff/conftest.c:55: undefined reference to `jpeg12_read_scanlines'
collect2: error: ld returned 1 exit status
configure:19588: $? = 1
configure: failed program was:
| /* confdefs.h */
| #define PACKAGE_NAME "LibTIFF Software"
| #define PACKAGE_TARNAME "tiff"
| #define PACKAGE_VERSION "4.7.0"
| #define PACKAGE_STRING "LibTIFF Software 4.7.0"
| #define PACKAGE_BUGREPORT "tiff@lists.osgeo.org"
| #define PACKAGE_URL ""
| #define PACKAGE "tiff"
| #define VERSION "4.7.0"
| #define HAVE_STDIO_H 1
| #define HAVE_STDLIB_H 1
| #define HAVE_STRING_H 1
| #define HAVE_INTTYPES_H 1
| #define HAVE_STDINT_H 1
| #define HAVE_STRINGS_H 1
| #define HAVE_SYS_STAT_H 1
| #define HAVE_SYS_TYPES_H 1
| #define HAVE_UNISTD_H 1
| #define HAVE_SYS_TIME_H 1
| #define STDC_HEADERS 1
| #define HAVE_DLFCN_H 1
| #define LT_OBJDIR ".libs/"
| #define HAVE_ASSERT_H 1
| #define HAVE_FCNTL_H 1
| #define HAVE_SEARCH_H 1
| #define HAVE_UNISTD_H 1
| #define TIME_WITH_SYS_TIME 1
| #define HAVE_FSEEKO 1
| #define HAVE_DECL_OPTARG 1
| #define SIZEOF_SIZE_T 8
| #define TIFF_SSIZE_T int64_t
| #define HAVE_MMAP 1
| #define HAVE_GETOPT 1
| #define HOST_BIGENDIAN 0
| #define HAVE_IEEEFP 1
| #define CCITT_SUPPORT 1
| #define PACKBITS_SUPPORT 1
| #define LZW_SUPPORT 1
| #define THUNDER_SUPPORT 1
| #define NEXT_SUPPORT 1
| #define LOGLUV_SUPPORT 1
| #define MDI_SUPPORT 1
| #define ZIP_SUPPORT 1
| #define LIBDEFLATE_SUPPORT 1
| #define PIXARLOG_SUPPORT 1
| /* end confdefs.h.  */
| 
| /* Override any GCC internal prototype to avoid an error.
|    Use char because int might match the return type of a GCC
|    builtin and then its argument prototype would still apply.  */
| char jpeg12_read_scanlines ();
| int
| main (void)
| {
| return jpeg12_read_scanlines ();
|   ;
|   return 0;
| }
configure:19598: result: no
configure:19697: checking for jbg_dec_init in -ljbig
configure:19720: gcc -o conftest -g -O2 -Wall -W    conftest.c -ljbig  -ljpeg -ldeflate -lz -lm  >&5
configure:19720: $? = 0
configure:19730: result: yes
configure:19746: checking for jbig.h
configure:19746: gcc -c -g -O2 -Wall -W   conftest.c >&5
configure:19746: $? = 0
configure:19746: result: yes
configure:19776: checking for jbg_newlen
configure:19776: gcc -o conftest -g -O2 -Wall -W    conftest.c -ljbig -ljpeg -ldeflate -lz -lm  >&5
configure:19776: $? = 0
configure:19776: result: yes
configure:19842: checking for lerc_decode in -l"LercLib"
configure:19865: gcc -o conftest -g -O2 -Wall -W    conftest.c -lLercLib  -ljbig -ljpeg -ldeflate -lz -lm  >&5
/usr/bin/ld: cannot find -lLercLib: No such file or directory
collect2: error: ld returned 1 exit status
configure:19865: $? = 1
configure: failed program was:
| /* confdefs.h */
| #define PACKAGE_NAME "LibTIFF Software"
| #define PACKAGE_TARNAME "tiff"
| #define PACKAGE_VERSION "4.7.0"
| #define PACKAGE_STRING "LibTIFF Software 4.7.0"
| #define PACKAGE_BUGREPORT "tiff@lists.osgeo.org"
| #define PACKAGE_URL ""
| #define PACKAGE "tiff"
| #define VERSION "4.7.0"
| #define HAVE_STDIO_H 1
| #define HAVE_STDLIB_H 1
| #define HAVE_STRING_H 1
| #define HAVE_INTTYPES_H 1
| #define HAVE_STDINT_H 1
| #define HAVE_STRINGS_H 1
| #define HAVE_SYS_STAT_H 1
| #define HAVE_SYS_TYPES_H 1
| #define HAVE_UNISTD_H 1
| #define HAVE_SYS_TIME_H 1
| #define STDC_HEADERS 1
| #define HAVE_DLFCN_H 1
| #define LT_OBJDIR ".libs/"
| #define HAVE_ASSERT_H 1
| #define HAVE_FCNTL_H 1
| #define HAVE_SEARCH_H 1
| #define HAVE_UNISTD_H 1
| #define TIME_WITH_SYS_TIME 1
| #define HAVE_FSEEKO 1
| #define HAVE_DECL_OPTARG 1
| #define SIZEOF_SIZE_T 8
| #define TIFF_SSIZE_T int64_t
| #define HAVE_MMAP 1
| #define HAVE_GETOPT 1
| #define HOST_BIGENDIAN 0
| #define HAVE_IEEEFP 1
| #define CCITT_SUPPORT 1
| #define PACKBITS_SUPPORT 1
| #define LZW_SUPPORT 1
| #define THUNDER_SUPPORT 1
| #define NEXT_SUPPORT 1
| #define LOGLUV_SUPPORT 1
| #define MDI_SUPPORT 1
| #define ZIP_SUPPORT 1
| #define LIBDEFLATE_SUPPORT 1
| #define PIXARLOG_SUPPORT 1
| #define JPEG_SUPPORT 1
| #define OJPEG_SUPPORT 1
| #define JBIG_SUPPORT 1
| #define HAVE_JBG_NEWLEN 1
| /* end confdefs.h.  */
| 
| /* Override any GCC internal prototype to avoid an error.
|    Use char because int might match the return type of a GCC
|    builtin and then its argument prototype would still apply.  */
| char lerc_decode ();
| int
| main (void)
| {
| return lerc_decode ();
|   ;
|   return 0;
| }
configure:19876: result: no
configure:19888: checking for lerc_decode in -l"Lerc"
configure:19911: gcc -o conftest -g -O2 -Wall -W    conftest.c -lLerc  -ljbig -ljpeg -ldeflate -lz -lm  >&5
/usr/bin/ld: cannot find -lLerc: No such file or directory
collect2: error: ld returned 1 exit status
configure:19911: $? = 1
configure: failed program was:
| /* confdefs.h */
| #define PACKAGE_NAME "LibTIFF Software"
| #define PACKAGE_TARNAME "tiff"
| #define PACKAGE_VERSION "4.7.0"
| #define PACKAGE_STRING "LibTIFF Software 4.7.0"
| #define PACKAGE_BUGREPORT "tiff@lists.osgeo.org"
| #define PACKAGE_URL ""
| #define PACKAGE "tiff"
| #define VERSION "4.7.0"
| #define HAVE_STDIO_H 1
| #define HAVE_STDLIB_H 1
| #define HAVE_STRING_H 1
| #define HAVE_INTTYPES_H 1
| #define HAVE_STDINT_H 1
| #define HAVE_STRINGS_H 1
| #define HAVE_SYS_STAT_H 1
| #define HAVE_SYS_TYPES_H 1
| #define HAVE_UNISTD_H 1
| #define HAVE_SYS_TIME_H 1
| #define STDC_HEADERS 1
| #define HAVE_DLFCN_H 1
| #define LT_OBJDIR ".libs/"
| #define HAVE_ASSERT_H 1
| #define HAVE_FCNTL_H 1
| #define HAVE_SEARCH_H 1
| #define HAVE_UNISTD_H 1
| #define TIME_WITH_SYS_TIME 1
| #define HAVE_FSEEKO 1
| #define HAVE_DECL_OPTARG 1
| #define SIZEOF_SIZE_T 8
| #define TIFF_SSIZE_T int64_t
| #define HAVE_MMAP 1
| #define HAVE_GETOPT 1
| #define HOST_BIGENDIAN 0
| #define HAVE_IEEEFP 1
| #define CCITT_SUPPORT 1
| #define PACKBITS_SUPPORT 1
| #define LZW_SUPPORT 1
| #define THUNDER_SUPPORT 1
| #define NEXT_SUPPORT 1
| #define LOGLUV_SUPPORT 1
| #define MDI_SUPPORT 1
| #define ZIP_SUPPORT 1
| #define LIBDEFLATE_SUPPORT 1
| #define PIXARLOG_SUPPORT 1
| #define JPEG_SUPPORT 1
| #define OJPEG_SUPPORT 1
| #define JBIG_SUPPORT 1
| #define HAVE_JBG_NEWLEN 1
| /* end confdefs.h.  */
| 
| /* Override any GCC internal prototype to avoid an error.
|    Use char because int might match the return type of a GCC
|    builtin and then its argument prototype would still apply.  */
| char lerc_decode ();
| int
| main (void)
| {
| return lerc_decode ();
|   ;
|   return 0;
| }
configure:19922: result: no
configure:19939: checking for Lerc_c_api.h
configure:19939: gcc -c -g -O2 -Wall -W   conftest.c >&5
conftest.c:79:10: fatal error: Lerc_c_api.h: No such file or directory
   79 | #include <Lerc_c_api.h>
      |          ^~~~~~~~~~~~~~
compilation terminated.
configure:19939: $? = 1
configure: failed program was:
| /* confdefs.h */
| #define PACKAGE_NAME "LibTIFF Software"
| #define PACKAGE_TARNAME "tiff"
| #define PACKAGE_VERSION "4.7.0"
| #define PACKAGE_STRING "LibTIFF Software 4.7.0"
| #define PACKAGE_BUGREPORT "tiff@lists.osgeo.org"
| #define PACKAGE_URL ""
| #define PACKAGE "tiff"
| #define VERSION "4.7.0"
| #define HAVE_STDIO_H 1
| #define HAVE_STDLIB_H 1
| #define HAVE_STRING_H 1
| #define HAVE_INTTYPES_H 1
| #define HAVE_STDINT_H 1
| #define HAVE_STRINGS_H 1
| #define HAVE_SYS_STAT_H 1
| #define HAVE_SYS_TYPES_H 1
| #define HAVE_UNISTD_H 1
| #define HAVE_SYS_TIME_H 1
| #define STDC_HEADERS 1
| #define HAVE_DLFCN_H 1
| #define LT_OBJDIR ".libs/"
| #define HAVE_ASSERT_H 1
| #define HAVE_FCNTL_H 1
| #define HAVE_SEARCH_H 1
| #define HAVE_UNISTD_H 1
| #define TIME_WITH_SYS_TIME 1
| #define HAVE_FSEEKO 1
| #define HAVE_DECL_OPTARG 1
| #define SIZEOF_SIZE_T 8
| #define TIFF_SSIZE_T int64_t
| #define HAVE_MMAP 1
| #define HAVE_GETOPT 1
| #define HOST_BIGENDIAN 0
| #define HAVE_IEEEFP 1
| #define CCITT_SUPPORT 1
| #define PACKBITS_SUPPORT 1
| #define LZW_SUPPORT 1
| #define THUNDER_SUPPORT 1
| #define NEXT_SUPPORT 1
| #define LOGLUV_SUPPORT 1
| #define MDI_SUPPORT 1
| #define ZIP_SUPPORT 1
| #define LIBDEFLATE_SUPPORT 1
| #define PIXARLOG_SUPPORT 1
| #define JPEG_SUPPORT 1
| #define OJPEG_SUPPORT 1
| #define JBIG_SUPPORT 1
| #define HAVE_JBG_NEWLEN 1
| /* end confdefs.h.  */
| #include <stddef.h>
| #ifdef HAVE_STDIO_H
| # include <stdio.h>
| #endif
| #ifdef HAVE_STDLIB_H
| # include <stdlib.h>
| #endif
| #ifdef HAVE_STRING_H
| # include <string.h>
| #endif
| #ifdef HAVE_INTTYPES_H
| # include <inttypes.h>
| #endif
| #ifdef HAVE_STDINT_H
| # include <stdint.h>
| #endif
| #ifdef HAVE_STRINGS_H
| # include <strings.h>
| #endif
| #ifdef HAVE_SYS_TYPES_H
| # include <sys/types.h>
| #endif
| #ifdef HAVE_SYS_STAT_H
| # include <sys/stat.h>
| #endif
| #ifdef HAVE_UNISTD_H
| # include <unistd.h>
| #endif
| #include <Lerc_c_api.h>
configure:19939: result: no
configure:20010: checking for lzma_code in -llzma
configure:20033: gcc -o conftest -g -O2 -Wall -W    conftest.c -llzma  -ljbig -ljpeg -ldeflate -lz -lm  >&5
configure:20033: $? = 0
configure:20043: result: yes
configure:20059: checking for lzma.h
configure:20059: gcc -c -g -O2 -Wall -W   conftest.c >&5
configure:20059: $? = 0
configure:20059: result: yes
configure:20130: checking for ZSTD_decompressStream in -lzstd
configure:20153: gcc -o conftest -g -O2 -Wall -W    conftest.c -lzstd  -llzma -ljbig -ljpeg -ldeflate -lz -lm  >&5
/usr/bin/ld: cannot find -lzstd: No such file or directory
collect2: error: ld returned 1 exit status
configure:20153: $? = 1
configure: failed program was:
| /* confdefs.h */
| #define PACKAGE_NAME "LibTIFF Software"
| #define PACKAGE_TARNAME "tiff"
| #define PACKAGE_VERSION "4.7.0"
| #define PACKAGE_STRING "LibTIFF Software 4.7.0"
| #define PACKAGE_BUGREPORT "tiff@lists.osgeo.org"
| #define PACKAGE_URL ""
| #define PACKAGE "tiff"
| #define VERSION "4.7.0"
| #define HAVE_STDIO_H 1
| #define HAVE_STDLIB_H 1
| #define HAVE_STRING_H 1
| #define HAVE_INTTYPES_H 1
| #define HAVE_STDINT_H 1
| #define HAVE_STRINGS_H 1
| #define HAVE_SYS_STAT_H 1
| #define HAVE_SYS_TYPES_H 1
| #define HAVE_UNISTD_H 1
| #define HAVE_SYS_TIME_H 1
| #define STDC_HEADERS 1
| #define HAVE_DLFCN_H 1
| #define LT_OBJDIR ".libs/"
| #define HAVE_ASSERT_H 1
| #define HAVE_FCNTL_H 1
| #define HAVE_SEARCH_H 1
| #define HAVE_UNISTD_H 1
| #define TIME_WITH_SYS_TIME 1
| #define HAVE_FSEEKO 1
| #define HAVE_DECL_OPTARG 1
| #define SIZEOF_SIZE_T 8
| #define TIFF_SSIZE_T int64_t
| #define HAVE_MMAP 1
| #define HAVE_GETOPT 1
| #define HOST_BIGENDIAN 0
| #define HAVE_IEEEFP 1
| #define CCITT_SUPPORT 1
| #define PACKBITS_SUPPORT 1
| #define LZW_SUPPORT 1
| #define THUNDER_SUPPORT 1
| #define NEXT_SUPPORT 1
| #define LOGLUV_SUPPORT 1
| #define MDI_SUPPORT 1
| #define ZIP_SUPPORT 1
| #define LIBDEFLATE_SUPPORT 1
| #define PIXARLOG_SUPPORT 1
| #define JPEG_SUPPORT 1
| #define OJPEG_SUPPORT 1
| #define JBIG_SUPPORT 1
| #define HAVE_JBG_NEWLEN 1
| #define LZMA_SUPPORT 1
| /* end confdefs.h.  */
| 
| /* Override any GCC internal prototype to avoid an error.
|    Use char because int might match the return type of a GCC
|    builtin and then its argument prototype would still apply.  */
| char ZSTD_decompressStream ();
| int
| main (void)
| {
| return ZSTD_decompressStream ();
|   ;
|   return 0;
| }
configure:20163: result: no
configure:20179: checking for zstd.h
configure:20179: gcc -c -g -O2 -Wall -W   conftest.c >&5
conftest.c:80:10: fatal error: zstd.h: No such file or directory
   80 | #include <zstd.h>
      |          ^~~~~~~~
compilation terminated.
configure:20179: $? = 1
configure: failed program was:
| /* confdefs.h */
| #define PACKAGE_NAME "LibTIFF Software"
| #define PACKAGE_TARNAME "tiff"
| #define PACKAGE_VERSION "4.7.0"
| #define PACKAGE_STRING "LibTIFF Software 4.7.0"
| #define PACKAGE_BUGREPORT "tiff@lists.osgeo.org"
| #define PACKAGE_URL ""
| #define PACKAGE "tiff"
| #define VERSION "4.7.0"
| #define HAVE_STDIO_H 1
| #define HAVE_STDLIB_H 1
| #define HAVE_STRING_H 1
| #define HAVE_INTTYPES_H 1
| #define HAVE_STDINT_H 1
| #define HAVE_STRINGS_H 1
| #define HAVE_SYS_STAT_H 1
| #define HAVE_SYS_TYPES_H 1
| #define HAVE_UNISTD_H 1
| #define HAVE_SYS_TIME_H 1
| #define STDC_HEADERS 1
| #define HAVE_DLFCN_H 1
| #define LT_OBJDIR ".libs/"
| #define HAVE_ASSERT_H 1
| #define HAVE_FCNTL_H 1
| #define HAVE_SEARCH_H 1
| #define HAVE_UNISTD_H 1
| #define TIME_WITH_SYS_TIME 1
| #define HAVE_FSEEKO 1
| #define HAVE_DECL_OPTARG 1
| #define SIZEOF_SIZE_T 8
| #define TIFF_SSIZE_T int64_t
| #define HAVE_MMAP 1
| #define HAVE_GETOPT 1
| #define HOST_BIGENDIAN 0
| #define HAVE_IEEEFP 1
| #define CCITT_SUPPORT 1
| #define PACKBITS_SUPPORT 1
| #define LZW_SUPPORT 1
| #define THUNDER_SUPPORT 1
| #define NEXT_SUPPORT 1
| #define LOGLUV_SUPPORT 1
| #define MDI_SUPPORT 1
| #define ZIP_SUPPORT 1
| #define LIBDEFLATE_SUPPORT 1
| #define PIXARLOG_SUPPORT 1
| #define JPEG_SUPPORT 1
| #define OJPEG_SUPPORT 1
| #define JBIG_SUPPORT 1
| #define HAVE_JBG_NEWLEN 1
| #define LZMA_SUPPORT 1
| /* end confdefs.h.  */
| #include <stddef.h>
| #ifdef HAVE_STDIO_H
| # include <stdio.h>
| #endif
| #ifdef HAVE_STDLIB_H
| # include <stdlib.h>
| #endif
| #ifdef HAVE_STRING_H
| # include <string.h>
| #endif
| #ifdef HAVE_INTTYPES_H
| # include <inttypes.h>
| #endif
| #ifdef HAVE_STDINT_H
| # include <stdint.h>
| #endif
| #ifdef HAVE_STRINGS_H
| # include <strings.h>
| #endif
| #ifdef HAVE_SYS_TYPES_H
| # include <sys/types.h>
| #endif
| #ifdef HAVE_SYS_STAT_H
| # include <sys/stat.h>
| #endif
| #ifdef HAVE_UNISTD_H
| # include <unistd.h>
| #endif
| #include <zstd.h>
configure:20179: result: no
configure:20250: checking for WebPDecode in -lwebp
configure:20273: gcc -o conftest -g -O2 -Wall -W    conftest.c -lwebp  -llzma -ljbig -ljpeg -ldeflate -lz -lm  >&5
/usr/bin/ld: cannot find -lwebp: No such file or directory
collect2: error: ld returned 1 exit status
configure:20273: $? = 1
configure: failed program was:
| /* confdefs.h */
| #define PACKAGE_NAME "LibTIFF Software"
| #define PACKAGE_TARNAME "tiff"
| #define PACKAGE_VERSION "4.7.0"
| #define PACKAGE_STRING "LibTIFF Software 4.7.0"
| #define PACKAGE_BUGREPORT "tiff@lists.osgeo.org"
| #define PACKAGE_URL ""
| #define PACKAGE "tiff"
| #define VERSION "4.7.0"
| #define HAVE_STDIO_H 1
| #define HAVE_STDLIB_H 1
| #define HAVE_STRING_H 1
| #define HAVE_INTTYPES_H 1
| #define HAVE_STDINT_H 1
| #define HAVE_STRINGS_H 1
| #define HAVE_SYS_STAT_H 1
| #define HAVE_SYS_TYPES_H 1
| #define HAVE_UNISTD_H 1
| #define HAVE_SYS_TIME_H 1
| #define STDC_HEADERS 1
| #define HAVE_DLFCN_H 1
| #define LT_OBJDIR ".libs/"
| #define HAVE_ASSERT_H 1
| #define HAVE_FCNTL_H 1
| #define HAVE_SEARCH_H 1
| #define HAVE_UNISTD_H 1
| #define TIME_WITH_SYS_TIME 1
| #define HAVE_FSEEKO 1
| #define HAVE_DECL_OPTARG 1
| #define SIZEOF_SIZE_T 8
| #define TIFF_SSIZE_T int64_t
| #define HAVE_MMAP 1
| #define HAVE_GETOPT 1
| #define HOST_BIGENDIAN 0
| #define HAVE_IEEEFP 1
| #define CCITT_SUPPORT 1
| #define PACKBITS_SUPPORT 1
| #define LZW_SUPPORT 1
| #define THUNDER_SUPPORT 1
| #define NEXT_SUPPORT 1
| #define LOGLUV_SUPPORT 1
| #define MDI_SUPPORT 1
| #define ZIP_SUPPORT 1
| #define LIBDEFLATE_SUPPORT 1
| #define PIXARLOG_SUPPORT 1
| #define JPEG_SUPPORT 1
| #define OJPEG_SUPPORT 1
| #define JBIG_SUPPORT 1
| #define HAVE_JBG_NEWLEN 1
| #define LZMA_SUPPORT 1
| /* end confdefs.h.  */
| 
| /* Override any GCC internal prototype to avoid an error.
|    Use char because int might match the return type of a GCC
|    builtin and then its argument prototype would still apply.  */
| char WebPDecode ();
| int
| main (void)
| {
| return WebPDecode ();
|   ;
|   return 0;
| }
configure:20283: result: no
configure:20299: checking for webp/decode.h
configure:20299: gcc -c -g -O2 -Wall -W   conftest.c >&5
conftest.c:80:10: fatal error: webp/decode.h: No such file or directory
   80 | #include <webp/decode.h>
      |          ^~~~~~~~~~~~~~~
compilation terminated.
configure:20299: $? = 1
configure: failed program was:
| /* confdefs.h */
| #define PACKAGE_NAME "LibTIFF Software"
| #define PACKAGE_TARNAME "tiff"
| #define PACKAGE_VERSION "4.7.0"
| #define PACKAGE_STRING "LibTIFF Software 4.7.0"
| #define PACKAGE_BUGREPORT "tiff@lists.osgeo.org"
| #define PACKAGE_URL ""
| #define PACKAGE "tiff"
| #define VERSION "4.7.0"
| #define HAVE_STDIO_H 1
| #define HAVE_STDLIB_H 1
| #define HAVE_STRING_H 1
| #define HAVE_INTTYPES_H 1
| #define HAVE_STDINT_H 1
| #define HAVE_STRINGS_H 1
| #define HAVE_SYS_STAT_H 1
| #define HAVE_SYS_TYPES_H 1
| #define HAVE_UNISTD_H 1
| #define HAVE_SYS_TIME_H 1
| #define STDC_HEADERS 1
| #define HAVE_DLFCN_H 1
| #define LT_OBJDIR ".libs/"
| #define HAVE_ASSERT_H 1
| #define HAVE_FCNTL_H 1
| #define HAVE_SEARCH_H 1
| #define HAVE_UNISTD_H 1
| #define TIME_WITH_SYS_TIME 1
| #define HAVE_FSEEKO 1
| #define HAVE_DECL_OPTARG 1
| #define SIZEOF_SIZE_T 8
| #define TIFF_SSIZE_T int64_t
| #define HAVE_MMAP 1
| #define HAVE_GETOPT 1
| #define HOST_BIGENDIAN 0
| #define HAVE_IEEEFP 1
| #define CCITT_SUPPORT 1
| #define PACKBITS_SUPPORT 1
| #define LZW_SUPPORT 1
| #define THUNDER_SUPPORT 1
| #define NEXT_SUPPORT 1
| #define LOGLUV_SUPPORT 1
| #define MDI_SUPPORT 1
| #define ZIP_SUPPORT 1
| #define LIBDEFLATE_SUPPORT 1
| #define PIXARLOG_SUPPORT 1
| #define JPEG_SUPPORT 1
| #define OJPEG_SUPPORT 1
| #define JBIG_SUPPORT 1
| #define HAVE_JBG_NEWLEN 1
| #define LZMA_SUPPORT 1
| /* end confdefs.h.  */
| #include <stddef.h>
| #ifdef HAVE_STDIO_H
| # include <stdio.h>
| #endif
| #ifdef HAVE_STDLIB_H
| # include <stdlib.h>
| #endif
| #ifdef HAVE_STRING_H
| # include <string.h>
| #endif
| #ifdef HAVE_INTTYPES_H
| # include <inttypes.h>
| #endif
| #ifdef HAVE_STDINT_H
| # include <stdint.h>
| #endif
| #ifdef HAVE_STRINGS_H
| # include <strings.h>
| #endif
| #ifdef HAVE_SYS_TYPES_H
| # include <sys/types.h>
| #endif
| #ifdef HAVE_SYS_STAT_H
| # include <sys/stat.h>
| #endif
| #ifdef HAVE_UNISTD_H
| # include <unistd.h>
| #endif
| #include <webp/decode.h>
configure:20299: result: no
configure:20428: checking how to run the C preprocessor
configure:20454: gcc -E  conftest.c
configure:20454: $? = 0
configure:20469: gcc -E  conftest.c
conftest.c:53:10: fatal error: ac_nonexistent.h: No such file or directory
   53 | #include <ac_nonexistent.h>
      |          ^~~~~~~~~~~~~~~~~~
compilation terminated.
configure:20469: $? = 1
configure: failed program was:
| /* confdefs.h */
| #define PACKAGE_NAME "LibTIFF Software"
| #define PACKAGE_TARNAME "tiff"
| #define PACKAGE_VERSION "4.7.0"
| #define PACKAGE_STRING "LibTIFF Software 4.7.0"
| #define PACKAGE_BUGREPORT "tiff@lists.osgeo.org"
| #define PACKAGE_URL ""
| #define PACKAGE "tiff"
| #define VERSION "4.7.0"
| #define HAVE_STDIO_H 1
| #define HAVE_STDLIB_H 1
| #define HAVE_STRING_H 1
| #define HAVE_INTTYPES_H 1
| #define HAVE_STDINT_H 1
| #define HAVE_STRINGS_H 1
| #define HAVE_SYS_STAT_H 1
| #define HAVE_SYS_TYPES_H 1
| #define HAVE_UNISTD_H 1
| #define HAVE_SYS_TIME_H 1
| #define STDC_HEADERS 1
| #define HAVE_DLFCN_H 1
| #define LT_OBJDIR ".libs/"
| #define HAVE_ASSERT_H 1
| #define HAVE_FCNTL_H 1
| #define HAVE_SEARCH_H 1
| #define HAVE_UNISTD_H 1
| #define TIME_WITH_SYS_TIME 1
| #define HAVE_FSEEKO 1
| #define HAVE_DECL_OPTARG 1
| #define SIZEOF_SIZE_T 8
| #define TIFF_SSIZE_T int64_t
| #define HAVE_MMAP 1
| #define HAVE_GETOPT 1
| #define HOST_BIGENDIAN 0
| #define HAVE_IEEEFP 1
| #define CCITT_SUPPORT 1
| #define PACKBITS_SUPPORT 1
| #define LZW_SUPPORT 1
| #define THUNDER_SUPPORT 1
| #define NEXT_SUPPORT 1
| #define LOGLUV_SUPPORT 1
| #define MDI_SUPPORT 1
| #define ZIP_SUPPORT 1
| #define LIBDEFLATE_SUPPORT 1
| #define PIXARLOG_SUPPORT 1
| #define JPEG_SUPPORT 1
| #define OJPEG_SUPPORT 1
| #define JBIG_SUPPORT 1
| #define HAVE_JBG_NEWLEN 1
| #define LZMA_SUPPORT 1
| #define CXX_SUPPORT 1
| /* end confdefs.h.  */
| #include <ac_nonexistent.h>
configure:20496: result: gcc -E
configure:20510: gcc -E  conftest.c
configure:20510: $? = 0
configure:20525: gcc -E  conftest.c
conftest.c:53:10: fatal error: ac_nonexistent.h: No such file or directory
   53 | #include <ac_nonexistent.h>
      |          ^~~~~~~~~~~~~~~~~~
compilation terminated.
configure:20525: $? = 1
configure: failed program was:
| /* confdefs.h */
| #define PACKAGE_NAME "LibTIFF Software"
| #define PACKAGE_TARNAME "tiff"
| #define PACKAGE_VERSION "4.7.0"
| #define PACKAGE_STRING "LibTIFF Software 4.7.0"
| #define PACKAGE_BUGREPORT "tiff@lists.osgeo.org"
| #define PACKAGE_URL ""
| #define PACKAGE "tiff"
| #define VERSION "4.7.0"
| #define HAVE_STDIO_H 1
| #define HAVE_STDLIB_H 1
| #define HAVE_STRING_H 1
| #define HAVE_INTTYPES_H 1
| #define HAVE_STDINT_H 1
| #define HAVE_STRINGS_H 1
| #define HAVE_SYS_STAT_H 1
| #define HAVE_SYS_TYPES_H 1
| #define HAVE_UNISTD_H 1
| #define HAVE_SYS_TIME_H 1
| #define STDC_HEADERS 1
| #define HAVE_DLFCN_H 1
| #define LT_OBJDIR ".libs/"
| #define HAVE_ASSERT_H 1
| #define HAVE_FCNTL_H 1
| #define HAVE_SEARCH_H 1
| #define HAVE_UNISTD_H 1
| #define TIME_WITH_SYS_TIME 1
| #define HAVE_FSEEKO 1
| #define HAVE_DECL_OPTARG 1
| #define SIZEOF_SIZE_T 8
| #define TIFF_SSIZE_T int64_t
| #define HAVE_MMAP 1
| #define HAVE_GETOPT 1
| #define HOST_BIGENDIAN 0
| #define HAVE_IEEEFP 1
| #define CCITT_SUPPORT 1
| #define PACKBITS_SUPPORT 1
| #define LZW_SUPPORT 1
| #define THUNDER_SUPPORT 1
| #define NEXT_SUPPORT 1
| #define LOGLUV_SUPPORT 1
| #define MDI_SUPPORT 1
| #define ZIP_SUPPORT 1
| #define LIBDEFLATE_SUPPORT 1
| #define PIXARLOG_SUPPORT 1
| #define JPEG_SUPPORT 1
| #define OJPEG_SUPPORT 1
| #define JBIG_SUPPORT 1
| #define HAVE_JBG_NEWLEN 1
| #define LZMA_SUPPORT 1
| #define CXX_SUPPORT 1
| /* end confdefs.h.  */
| #include <ac_nonexistent.h>
configure:20556: checking for X
configure:20594: gcc -o conftest -g -O2 -Wall -W    conftest.c -lX11 -llzma -ljbig -ljpeg -ldeflate -lz -lm  >&5
configure:20594: $? = 0
configure:20781: result: libraries , headers 
configure:20879: gcc -o conftest -g -O2 -Wall -W    conftest.c -llzma -ljbig -ljpeg -ldeflate -lz -lm   -lX11 >&5
configure:20879: $? = 0
configure:20978: checking for gethostbyname
configure:20978: gcc -o conftest -g -O2 -Wall -W    conftest.c -llzma -ljbig -ljpeg -ldeflate -lz -lm  >&5
configure:20978: $? = 0
configure:20978: result: yes
configure:21076: checking for connect
configure:21076: gcc -o conftest -g -O2 -Wall -W    conftest.c -llzma -ljbig -ljpeg -ldeflate -lz -lm  >&5
configure:21076: $? = 0
configure:21076: result: yes
configure:21126: checking for remove
configure:21126: gcc -o conftest -g -O2 -Wall -W    conftest.c -llzma -ljbig -ljpeg -ldeflate -lz -lm  >&5
configure:21126: $? = 0
configure:21126: result: yes
configure:21176: checking for shmat
configure:21176: gcc -o conftest -g -O2 -Wall -W    conftest.c -llzma -ljbig -ljpeg -ldeflate -lz -lm  >&5
configure:21176: $? = 0
configure:21176: result: yes
configure:21235: checking for IceConnectionNumber in -lICE
configure:21258: gcc -o conftest -g -O2 -Wall -W    conftest.c -lICE  -llzma -ljbig -ljpeg -ldeflate -lz -lm  >&5
configure:21258: $? = 0
configure:21268: result: yes
configure:21413: checking for the pthreads library -lpthreads
configure:21442: gcc -o conftest -g -O2 -Wall -W     conftest.c -lpthreads -llzma -ljbig -ljpeg -ldeflate -lz -lm  >&5
conftest.c: In function 'routine':
conftest.c:54:48: warning: parameter 'a' set but not used [-Wunused-but-set-parameter]
   54 |                      static void routine(void* a) {a=0;}
      |                                          ~~~~~~^
/usr/bin/ld: cannot find -lpthreads: No such file or directory
collect2: error: ld returned 1 exit status
configure:21442: $? = 1
configure: failed program was:
| /* confdefs.h */
| #define PACKAGE_NAME "LibTIFF Software"
| #define PACKAGE_TARNAME "tiff"
| #define PACKAGE_VERSION "4.7.0"
| #define PACKAGE_STRING "LibTIFF Software 4.7.0"
| #define PACKAGE_BUGREPORT "tiff@lists.osgeo.org"
| #define PACKAGE_URL ""
| #define PACKAGE "tiff"
| #define VERSION "4.7.0"
| #define HAVE_STDIO_H 1
| #define HAVE_STDLIB_H 1
| #define HAVE_STRING_H 1
| #define HAVE_INTTYPES_H 1
| #define HAVE_STDINT_H 1
| #define HAVE_STRINGS_H 1
| #define HAVE_SYS_STAT_H 1
| #define HAVE_SYS_TYPES_H 1
| #define HAVE_UNISTD_H 1
| #define HAVE_SYS_TIME_H 1
| #define STDC_HEADERS 1
| #define HAVE_DLFCN_H 1
| #define LT_OBJDIR ".libs/"
| #define HAVE_ASSERT_H 1
| #define HAVE_FCNTL_H 1
| #define HAVE_SEARCH_H 1
| #define HAVE_UNISTD_H 1
| #define TIME_WITH_SYS_TIME 1
| #define HAVE_FSEEKO 1
| #define HAVE_DECL_OPTARG 1
| #define SIZEOF_SIZE_T 8
| #define TIFF_SSIZE_T int64_t
| #define HAVE_MMAP 1
| #define HAVE_GETOPT 1
| #define HOST_BIGENDIAN 0
| #define HAVE_IEEEFP 1
| #define CCITT_SUPPORT 1
| #define PACKBITS_SUPPORT 1
| #define LZW_SUPPORT 1
| #define THUNDER_SUPPORT 1
| #define NEXT_SUPPORT 1
| #define LOGLUV_SUPPORT 1
| #define MDI_SUPPORT 1
| #define ZIP_SUPPORT 1
| #define LIBDEFLATE_SUPPORT 1
| #define PIXARLOG_SUPPORT 1
| #define JPEG_SUPPORT 1
| #define OJPEG_SUPPORT 1
| #define JBIG_SUPPORT 1
| #define HAVE_JBG_NEWLEN 1
| #define LZMA_SUPPORT 1
| #define CXX_SUPPORT 1
| /* end confdefs.h.  */
| #include <pthread.h>
| 	             static void routine(void* a) {a=0;}
| 	             static void* start_routine(void* a) {return a;}
| int
| main (void)
| {
| pthread_t th; pthread_attr_t attr;
|                      pthread_create(&th,0,start_routine,0);
|                      pthread_join(th, 0);
|                      pthread_attr_init(&attr);
|                      pthread_cleanup_push(routine, 0);
|                      pthread_cleanup_pop(0);
|   ;
|   return 0;
| }
configure:21452: result: no
configure:21353: checking whether pthreads work without any flags
configure:21442: gcc -o conftest -g -O2 -Wall -W     conftest.c  -llzma -ljbig -ljpeg -ldeflate -lz -lm  >&5
conftest.c: In function 'routine':
conftest.c:54:48: warning: parameter 'a' set but not used [-Wunused-but-set-parameter]
   54 |                      static void routine(void* a) {a=0;}
      |                                          ~~~~~~^
configure:21442: $? = 0
configure:21452: result: yes
configure:21469: checking for joinable pthread attribute
configure:21484: gcc -o conftest -g -O2 -Wall -W     conftest.c  -llzma -ljbig -ljpeg -ldeflate -lz -lm  >&5
configure:21484: $? = 0
configure:21491: result: PTHREAD_CREATE_JOINABLE
configure:21499: checking if more special flags are required for pthreads
configure:21506: result: no
configure:21599: checking whether we are using the Microsoft C compiler
configure:21619: gcc -c -g -O2 -Wall -W   conftest.c >&5
conftest.c: In function 'main':
conftest.c:59:8: error: unknown type name 'choke'
   59 |        choke me
      |        ^~~~~
conftest.c:59:14: warning: unused variable 'me' [-Wunused-variable]
   59 |        choke me
      |              ^~
configure:21619: $? = 1
configure: failed program was:
| /* confdefs.h */
| #define PACKAGE_NAME "LibTIFF Software"
| #define PACKAGE_TARNAME "tiff"
| #define PACKAGE_VERSION "4.7.0"
| #define PACKAGE_STRING "LibTIFF Software 4.7.0"
| #define PACKAGE_BUGREPORT "tiff@lists.osgeo.org"
| #define PACKAGE_URL ""
| #define PACKAGE "tiff"
| #define VERSION "4.7.0"
| #define HAVE_STDIO_H 1
| #define HAVE_STDLIB_H 1
| #define HAVE_STRING_H 1
| #define HAVE_INTTYPES_H 1
| #define HAVE_STDINT_H 1
| #define HAVE_STRINGS_H 1
| #define HAVE_SYS_STAT_H 1
| #define HAVE_SYS_TYPES_H 1
| #define HAVE_UNISTD_H 1
| #define HAVE_SYS_TIME_H 1
| #define STDC_HEADERS 1
| #define HAVE_DLFCN_H 1
| #define LT_OBJDIR ".libs/"
| #define HAVE_ASSERT_H 1
| #define HAVE_FCNTL_H 1
| #define HAVE_SEARCH_H 1
| #define HAVE_UNISTD_H 1
| #define TIME_WITH_SYS_TIME 1
| #define HAVE_FSEEKO 1
| #define HAVE_DECL_OPTARG 1
| #define SIZEOF_SIZE_T 8
| #define TIFF_SSIZE_T int64_t
| #define HAVE_MMAP 1
| #define HAVE_GETOPT 1
| #define HOST_BIGENDIAN 0
| #define HAVE_IEEEFP 1
| #define CCITT_SUPPORT 1
| #define PACKBITS_SUPPORT 1
| #define LZW_SUPPORT 1
| #define THUNDER_SUPPORT 1
| #define NEXT_SUPPORT 1
| #define LOGLUV_SUPPORT 1
| #define MDI_SUPPORT 1
| #define ZIP_SUPPORT 1
| #define LIBDEFLATE_SUPPORT 1
| #define PIXARLOG_SUPPORT 1
| #define JPEG_SUPPORT 1
| #define OJPEG_SUPPORT 1
| #define JBIG_SUPPORT 1
| #define HAVE_JBG_NEWLEN 1
| #define LZMA_SUPPORT 1
| #define CXX_SUPPORT 1
| #define HAVE_PTHREAD 1
| /* end confdefs.h.  */
| 
| int
| main (void)
| {
| #ifndef _MSC_VER
|        choke me
| #endif
| 
|   ;
|   return 0;
| }
configure:21629: result: no
configure:21650: checking for GL/gl.h
configure:21650: gcc -c -g -O2 -Wall -W    conftest.c >&5
configure:21650: $? = 0
configure:21650: result: yes
configure:21656: checking for OpenGL/gl.h
configure:21656: gcc -c -g -O2 -Wall -W    conftest.c >&5
conftest.c:83:10: fatal error: OpenGL/gl.h: No such file or directory
   83 | #include <OpenGL/gl.h>
      |          ^~~~~~~~~~~~~
compilation terminated.
configure:21656: $? = 1
configure: failed program was:
| /* confdefs.h */
| #define PACKAGE_NAME "LibTIFF Software"
| #define PACKAGE_TARNAME "tiff"
| #define PACKAGE_VERSION "4.7.0"
| #define PACKAGE_STRING "LibTIFF Software 4.7.0"
| #define PACKAGE_BUGREPORT "tiff@lists.osgeo.org"
| #define PACKAGE_URL ""
| #define PACKAGE "tiff"
| #define VERSION "4.7.0"
| #define HAVE_STDIO_H 1
| #define HAVE_STDLIB_H 1
| #define HAVE_STRING_H 1
| #define HAVE_INTTYPES_H 1
| #define HAVE_STDINT_H 1
| #define HAVE_STRINGS_H 1
| #define HAVE_SYS_STAT_H 1
| #define HAVE_SYS_TYPES_H 1
| #define HAVE_UNISTD_H 1
| #define HAVE_SYS_TIME_H 1
| #define STDC_HEADERS 1
| #define HAVE_DLFCN_H 1
| #define LT_OBJDIR ".libs/"
| #define HAVE_ASSERT_H 1
| #define HAVE_FCNTL_H 1
| #define HAVE_SEARCH_H 1
| #define HAVE_UNISTD_H 1
| #define TIME_WITH_SYS_TIME 1
| #define HAVE_FSEEKO 1
| #define HAVE_DECL_OPTARG 1
| #define SIZEOF_SIZE_T 8
| #define TIFF_SSIZE_T int64_t
| #define HAVE_MMAP 1
| #define HAVE_GETOPT 1
| #define HOST_BIGENDIAN 0
| #define HAVE_IEEEFP 1
| #define CCITT_SUPPORT 1
| #define PACKBITS_SUPPORT 1
| #define LZW_SUPPORT 1
| #define THUNDER_SUPPORT 1
| #define NEXT_SUPPORT 1
| #define LOGLUV_SUPPORT 1
| #define MDI_SUPPORT 1
| #define ZIP_SUPPORT 1
| #define LIBDEFLATE_SUPPORT 1
| #define PIXARLOG_SUPPORT 1
| #define JPEG_SUPPORT 1
| #define OJPEG_SUPPORT 1
| #define JBIG_SUPPORT 1
| #define HAVE_JBG_NEWLEN 1
| #define LZMA_SUPPORT 1
| #define CXX_SUPPORT 1
| #define HAVE_PTHREAD 1
| #define HAVE_GL_GL_H 1
| /* end confdefs.h.  */
| #include <stddef.h>
| #ifdef HAVE_STDIO_H
| # include <stdio.h>
| #endif
| #ifdef HAVE_STDLIB_H
| # include <stdlib.h>
| #endif
| #ifdef HAVE_STRING_H
| # include <string.h>
| #endif
| #ifdef HAVE_INTTYPES_H
| # include <inttypes.h>
| #endif
| #ifdef HAVE_STDINT_H
| # include <stdint.h>
| #endif
| #ifdef HAVE_STRINGS_H
| # include <strings.h>
| #endif
| #ifdef HAVE_SYS_TYPES_H
| # include <sys/types.h>
| #endif
| #ifdef HAVE_SYS_STAT_H
| # include <sys/stat.h>
| #endif
| #ifdef HAVE_UNISTD_H
| # include <unistd.h>
| #endif
| #include <OpenGL/gl.h>
configure:21656: result: no
configure:21665: checking for windows.h
configure:21665: gcc -c -g -O2 -Wall -W   conftest.c >&5
conftest.c:83:10: fatal error: windows.h: No such file or directory
   83 | #include <windows.h>
      |          ^~~~~~~~~~~
compilation terminated.
configure:21665: $? = 1
configure: failed program was:
| /* confdefs.h */
| #define PACKAGE_NAME "LibTIFF Software"
| #define PACKAGE_TARNAME "tiff"
| #define PACKAGE_VERSION "4.7.0"
| #define PACKAGE_STRING "LibTIFF Software 4.7.0"
| #define PACKAGE_BUGREPORT "tiff@lists.osgeo.org"
| #define PACKAGE_URL ""
| #define PACKAGE "tiff"
| #define VERSION "4.7.0"
| #define HAVE_STDIO_H 1
| #define HAVE_STDLIB_H 1
| #define HAVE_STRING_H 1
| #define HAVE_INTTYPES_H 1
| #define HAVE_STDINT_H 1
| #define HAVE_STRINGS_H 1
| #define HAVE_SYS_STAT_H 1
| #define HAVE_SYS_TYPES_H 1
| #define HAVE_UNISTD_H 1
| #define HAVE_SYS_TIME_H 1
| #define STDC_HEADERS 1
| #define HAVE_DLFCN_H 1
| #define LT_OBJDIR ".libs/"
| #define HAVE_ASSERT_H 1
| #define HAVE_FCNTL_H 1
| #define HAVE_SEARCH_H 1
| #define HAVE_UNISTD_H 1
| #define TIME_WITH_SYS_TIME 1
| #define HAVE_FSEEKO 1
| #define HAVE_DECL_OPTARG 1
| #define SIZEOF_SIZE_T 8
| #define TIFF_SSIZE_T int64_t
| #define HAVE_MMAP 1
| #define HAVE_GETOPT 1
| #define HOST_BIGENDIAN 0
| #define HAVE_IEEEFP 1
| #define CCITT_SUPPORT 1
| #define PACKBITS_SUPPORT 1
| #define LZW_SUPPORT 1
| #define THUNDER_SUPPORT 1
| #define NEXT_SUPPORT 1
| #define LOGLUV_SUPPORT 1
| #define MDI_SUPPORT 1
| #define ZIP_SUPPORT 1
| #define LIBDEFLATE_SUPPORT 1
| #define PIXARLOG_SUPPORT 1
| #define JPEG_SUPPORT 1
| #define OJPEG_SUPPORT 1
| #define JBIG_SUPPORT 1
| #define HAVE_JBG_NEWLEN 1
| #define LZMA_SUPPORT 1
| #define CXX_SUPPORT 1
| #define HAVE_PTHREAD 1
| #define HAVE_GL_GL_H 1
| /* end confdefs.h.  */
| #include <stddef.h>
| #ifdef HAVE_STDIO_H
| # include <stdio.h>
| #endif
| #ifdef HAVE_STDLIB_H
| # include <stdlib.h>
| #endif
| #ifdef HAVE_STRING_H
| # include <string.h>
| #endif
| #ifdef HAVE_INTTYPES_H
| # include <inttypes.h>
| #endif
| #ifdef HAVE_STDINT_H
| # include <stdint.h>
| #endif
| #ifdef HAVE_STRINGS_H
| # include <strings.h>
| #endif
| #ifdef HAVE_SYS_TYPES_H
| # include <sys/types.h>
| #endif
| #ifdef HAVE_SYS_STAT_H
| # include <sys/stat.h>
| #endif
| #ifdef HAVE_UNISTD_H
| # include <unistd.h>
| #endif
| #include <windows.h>
configure:21665: result: no
configure:21675: checking for OpenGL library
configure:21720: gcc -o conftest -g -O2 -Wall -W     conftest.c -lopengl32  -lm -llzma -ljbig -ljpeg -ldeflate -lz -lm  >&5
/usr/bin/ld: cannot find -lopengl32: No such file or directory
collect2: error: ld returned 1 exit status
configure:21720: $? = 1
configure: failed program was:
| /* confdefs.h */
| #define PACKAGE_NAME "LibTIFF Software"
| #define PACKAGE_TARNAME "tiff"
| #define PACKAGE_VERSION "4.7.0"
| #define PACKAGE_STRING "LibTIFF Software 4.7.0"
| #define PACKAGE_BUGREPORT "tiff@lists.osgeo.org"
| #define PACKAGE_URL ""
| #define PACKAGE "tiff"
| #define VERSION "4.7.0"
| #define HAVE_STDIO_H 1
| #define HAVE_STDLIB_H 1
| #define HAVE_STRING_H 1
| #define HAVE_INTTYPES_H 1
| #define HAVE_STDINT_H 1
| #define HAVE_STRINGS_H 1
| #define HAVE_SYS_STAT_H 1
| #define HAVE_SYS_TYPES_H 1
| #define HAVE_UNISTD_H 1
| #define HAVE_SYS_TIME_H 1
| #define STDC_HEADERS 1
| #define HAVE_DLFCN_H 1
| #define LT_OBJDIR ".libs/"
| #define HAVE_ASSERT_H 1
| #define HAVE_FCNTL_H 1
| #define HAVE_SEARCH_H 1
| #define HAVE_UNISTD_H 1
| #define TIME_WITH_SYS_TIME 1
| #define HAVE_FSEEKO 1
| #define HAVE_DECL_OPTARG 1
| #define SIZEOF_SIZE_T 8
| #define TIFF_SSIZE_T int64_t
| #define HAVE_MMAP 1
| #define HAVE_GETOPT 1
| #define HOST_BIGENDIAN 0
| #define HAVE_IEEEFP 1
| #define CCITT_SUPPORT 1
| #define PACKBITS_SUPPORT 1
| #define LZW_SUPPORT 1
| #define THUNDER_SUPPORT 1
| #define NEXT_SUPPORT 1
| #define LOGLUV_SUPPORT 1
| #define MDI_SUPPORT 1
| #define ZIP_SUPPORT 1
| #define LIBDEFLATE_SUPPORT 1
| #define PIXARLOG_SUPPORT 1
| #define JPEG_SUPPORT 1
| #define OJPEG_SUPPORT 1
| #define JBIG_SUPPORT 1
| #define HAVE_JBG_NEWLEN 1
| #define LZMA_SUPPORT 1
| #define CXX_SUPPORT 1
| #define HAVE_PTHREAD 1
| #define HAVE_GL_GL_H 1
| /* end confdefs.h.  */
| 
| # if defined(HAVE_WINDOWS_H) && defined(_WIN32)
| #   include <windows.h>
| # endif
| # ifdef HAVE_GL_GL_H
| #   include <GL/gl.h>
| # elif defined(HAVE_OPENGL_GL_H)
| #   include <OpenGL/gl.h>
| # else
| #   error no gl.h
| # endif
| int
| main (void)
| {
| glBegin(0)
|   ;
|   return 0;
| }
configure:21746: gcc -o conftest -g -O2 -Wall -W     conftest.c -lopengl32 -L/usr/lib64/nvidia  -lm -llzma -ljbig -ljpeg -ldeflate -lz -lm  >&5
/usr/bin/ld: cannot find -lopengl32: No such file or directory
collect2: error: ld returned 1 exit status
configure:21746: $? = 1
configure: failed program was:
| /* confdefs.h */
| #define PACKAGE_NAME "LibTIFF Software"
| #define PACKAGE_TARNAME "tiff"
| #define PACKAGE_VERSION "4.7.0"
| #define PACKAGE_STRING "LibTIFF Software 4.7.0"
| #define PACKAGE_BUGREPORT "tiff@lists.osgeo.org"
| #define PACKAGE_URL ""
| #define PACKAGE "tiff"
| #define VERSION "4.7.0"
| #define HAVE_STDIO_H 1
| #define HAVE_STDLIB_H 1
| #define HAVE_STRING_H 1
| #define HAVE_INTTYPES_H 1
| #define HAVE_STDINT_H 1
| #define HAVE_STRINGS_H 1
| #define HAVE_SYS_STAT_H 1
| #define HAVE_SYS_TYPES_H 1
| #define HAVE_UNISTD_H 1
| #define HAVE_SYS_TIME_H 1
| #define STDC_HEADERS 1
| #define HAVE_DLFCN_H 1
| #define LT_OBJDIR ".libs/"
| #define HAVE_ASSERT_H 1
| #define HAVE_FCNTL_H 1
| #define HAVE_SEARCH_H 1
| #define HAVE_UNISTD_H 1
| #define TIME_WITH_SYS_TIME 1
| #define HAVE_FSEEKO 1
| #define HAVE_DECL_OPTARG 1
| #define SIZEOF_SIZE_T 8
| #define TIFF_SSIZE_T int64_t
| #define HAVE_MMAP 1
| #define HAVE_GETOPT 1
| #define HOST_BIGENDIAN 0
| #define HAVE_IEEEFP 1
| #define CCITT_SUPPORT 1
| #define PACKBITS_SUPPORT 1
| #define LZW_SUPPORT 1
| #define THUNDER_SUPPORT 1
| #define NEXT_SUPPORT 1
| #define LOGLUV_SUPPORT 1
| #define MDI_SUPPORT 1
| #define ZIP_SUPPORT 1
| #define LIBDEFLATE_SUPPORT 1
| #define PIXARLOG_SUPPORT 1
| #define JPEG_SUPPORT 1
| #define OJPEG_SUPPORT 1
| #define JBIG_SUPPORT 1
| #define HAVE_JBG_NEWLEN 1
| #define LZMA_SUPPORT 1
| #define CXX_SUPPORT 1
| #define HAVE_PTHREAD 1
| #define HAVE_GL_GL_H 1
| /* end confdefs.h.  */
| 
| # if defined(HAVE_WINDOWS_H) && defined(_WIN32)
| #   include <windows.h>
| # endif
| # ifdef HAVE_GL_GL_H
| #   include <GL/gl.h>
| # elif defined(HAVE_OPENGL_GL_H)
| #   include <OpenGL/gl.h>
| # else
| #   error no gl.h
| # endif
| int
| main (void)
| {
| glBegin(0)
|   ;
|   return 0;
| }
configure:21772: gcc -o conftest -g -O2 -Wall -W     conftest.c -lopengl32 -dylib_file /System/Library/Frameworks/OpenGL.framework/Versions/A/Libraries/libGL.dylib:/System/Library/Frameworks/OpenGL.framework/Versions/A/Libraries/libGL.dylib  -lm -llzma -ljbig -ljpeg -ldeflate -lz -lm  >&5
cc1: warning: unrecognized gcc debugging option: y
cc1: warning: unrecognized gcc debugging option: l
cc1: warning: unrecognized gcc debugging option: i
cc1: warning: unrecognized gcc debugging option: b
cc1: warning: unrecognized gcc debugging option: _
cc1: warning: unrecognized gcc debugging option: f
cc1: warning: unrecognized gcc debugging option: i
cc1: warning: unrecognized gcc debugging option: l
cc1: warning: unrecognized gcc debugging option: e
/usr/bin/ld: cannot find -lopengl32: No such file or directory
/usr/bin/ld: cannot find /System/Library/Frameworks/OpenGL.framework/Versions/A/Libraries/libGL.dylib:/System/Library/Frameworks/OpenGL.framework/Versions/A/Libraries/libGL.dylib: No such file or directory
collect2: error: ld returned 1 exit status
configure:21772: $? = 1
configure: failed program was:
| /* confdefs.h */
| #define PACKAGE_NAME "LibTIFF Software"
| #define PACKAGE_TARNAME "tiff"
| #define PACKAGE_VERSION "4.7.0"
| #define PACKAGE_STRING "LibTIFF Software 4.7.0"
| #define PACKAGE_BUGREPORT "tiff@lists.osgeo.org"
| #define PACKAGE_URL ""
| #define PACKAGE "tiff"
| #define VERSION "4.7.0"
| #define HAVE_STDIO_H 1
| #define HAVE_STDLIB_H 1
| #define HAVE_STRING_H 1
| #define HAVE_INTTYPES_H 1
| #define HAVE_STDINT_H 1
| #define HAVE_STRINGS_H 1
| #define HAVE_SYS_STAT_H 1
| #define HAVE_SYS_TYPES_H 1
| #define HAVE_UNISTD_H 1
| #define HAVE_SYS_TIME_H 1
| #define STDC_HEADERS 1
| #define HAVE_DLFCN_H 1
| #define LT_OBJDIR ".libs/"
| #define HAVE_ASSERT_H 1
| #define HAVE_FCNTL_H 1
| #define HAVE_SEARCH_H 1
| #define HAVE_UNISTD_H 1
| #define TIME_WITH_SYS_TIME 1
| #define HAVE_FSEEKO 1
| #define HAVE_DECL_OPTARG 1
| #define SIZEOF_SIZE_T 8
| #define TIFF_SSIZE_T int64_t
| #define HAVE_MMAP 1
| #define HAVE_GETOPT 1
| #define HOST_BIGENDIAN 0
| #define HAVE_IEEEFP 1
| #define CCITT_SUPPORT 1
| #define PACKBITS_SUPPORT 1
| #define LZW_SUPPORT 1
| #define THUNDER_SUPPORT 1
| #define NEXT_SUPPORT 1
| #define LOGLUV_SUPPORT 1
| #define MDI_SUPPORT 1
| #define ZIP_SUPPORT 1
| #define LIBDEFLATE_SUPPORT 1
| #define PIXARLOG_SUPPORT 1
| #define JPEG_SUPPORT 1
| #define OJPEG_SUPPORT 1
| #define JBIG_SUPPORT 1
| #define HAVE_JBG_NEWLEN 1
| #define LZMA_SUPPORT 1
| #define CXX_SUPPORT 1
| #define HAVE_PTHREAD 1
| #define HAVE_GL_GL_H 1
| /* end confdefs.h.  */
| 
| # if defined(HAVE_WINDOWS_H) && defined(_WIN32)
| #   include <windows.h>
| # endif
| # ifdef HAVE_GL_GL_H
| #   include <GL/gl.h>
| # elif defined(HAVE_OPENGL_GL_H)
| #   include <OpenGL/gl.h>
| # else
| #   error no gl.h
| # endif
| int
| main (void)
| {
| glBegin(0)
|   ;
|   return 0;
| }
configure:21720: gcc -o conftest -g -O2 -Wall -W     conftest.c -lGL  -lm -llzma -ljbig -ljpeg -ldeflate -lz -lm  >&5
configure:21720: $? = 0
configure:21821: result: -lGL
configure:21845: checking for GL/glu.h
configure:21845: gcc -c -g -O2 -Wall -W    conftest.c >&5
configure:21845: $? = 0
configure:21845: result: yes
configure:21851: checking for OpenGL/glu.h
configure:21851: gcc -c -g -O2 -Wall -W    conftest.c >&5
conftest.c:84:10: fatal error: OpenGL/glu.h: No such file or directory
   84 | #include <OpenGL/glu.h>
      |          ^~~~~~~~~~~~~~
compilation terminated.
configure:21851: $? = 1
configure: failed program was:
| /* confdefs.h */
| #define PACKAGE_NAME "LibTIFF Software"
| #define PACKAGE_TARNAME "tiff"
| #define PACKAGE_VERSION "4.7.0"
| #define PACKAGE_STRING "LibTIFF Software 4.7.0"
| #define PACKAGE_BUGREPORT "tiff@lists.osgeo.org"
| #define PACKAGE_URL ""
| #define PACKAGE "tiff"
| #define VERSION "4.7.0"
| #define HAVE_STDIO_H 1
| #define HAVE_STDLIB_H 1
| #define HAVE_STRING_H 1
| #define HAVE_INTTYPES_H 1
| #define HAVE_STDINT_H 1
| #define HAVE_STRINGS_H 1
| #define HAVE_SYS_STAT_H 1
| #define HAVE_SYS_TYPES_H 1
| #define HAVE_UNISTD_H 1
| #define HAVE_SYS_TIME_H 1
| #define STDC_HEADERS 1
| #define HAVE_DLFCN_H 1
| #define LT_OBJDIR ".libs/"
| #define HAVE_ASSERT_H 1
| #define HAVE_FCNTL_H 1
| #define HAVE_SEARCH_H 1
| #define HAVE_UNISTD_H 1
| #define TIME_WITH_SYS_TIME 1
| #define HAVE_FSEEKO 1
| #define HAVE_DECL_OPTARG 1
| #define SIZEOF_SIZE_T 8
| #define TIFF_SSIZE_T int64_t
| #define HAVE_MMAP 1
| #define HAVE_GETOPT 1
| #define HOST_BIGENDIAN 0
| #define HAVE_IEEEFP 1
| #define CCITT_SUPPORT 1
| #define PACKBITS_SUPPORT 1
| #define LZW_SUPPORT 1
| #define THUNDER_SUPPORT 1
| #define NEXT_SUPPORT 1
| #define LOGLUV_SUPPORT 1
| #define MDI_SUPPORT 1
| #define ZIP_SUPPORT 1
| #define LIBDEFLATE_SUPPORT 1
| #define PIXARLOG_SUPPORT 1
| #define JPEG_SUPPORT 1
| #define OJPEG_SUPPORT 1
| #define JBIG_SUPPORT 1
| #define HAVE_JBG_NEWLEN 1
| #define LZMA_SUPPORT 1
| #define CXX_SUPPORT 1
| #define HAVE_PTHREAD 1
| #define HAVE_GL_GL_H 1
| #define HAVE_GL_GLU_H 1
| /* end confdefs.h.  */
| #include <stddef.h>
| #ifdef HAVE_STDIO_H
| # include <stdio.h>
| #endif
| #ifdef HAVE_STDLIB_H
| # include <stdlib.h>
| #endif
| #ifdef HAVE_STRING_H
| # include <string.h>
| #endif
| #ifdef HAVE_INTTYPES_H
| # include <inttypes.h>
| #endif
| #ifdef HAVE_STDINT_H
| # include <stdint.h>
| #endif
| #ifdef HAVE_STRINGS_H
| # include <strings.h>
| #endif
| #ifdef HAVE_SYS_TYPES_H
| # include <sys/types.h>
| #endif
| #ifdef HAVE_SYS_STAT_H
| # include <sys/stat.h>
| #endif
| #ifdef HAVE_UNISTD_H
| # include <unistd.h>
| #endif
| #include <OpenGL/glu.h>
configure:21851: result: no
configure:21862: checking for OpenGL Utility library
configure:21910: g++ -o conftest -g -O2    conftest.cpp -lGL  -lm -llzma -ljbig -ljpeg -ldeflate -lz -lm  >&5
/usr/bin/ld: /tmp/ccUkA5XV.o: in function `main':
/home/shen/MDAFL/static_analysis/benchmark/projects/libtiff/conftest.cpp:70: undefined reference to `gluBeginCurve'
collect2: error: ld returned 1 exit status
configure:21910: $? = 1
configure: failed program was:
| /* confdefs.h */
| #define PACKAGE_NAME "LibTIFF Software"
| #define PACKAGE_TARNAME "tiff"
| #define PACKAGE_VERSION "4.7.0"
| #define PACKAGE_STRING "LibTIFF Software 4.7.0"
| #define PACKAGE_BUGREPORT "tiff@lists.osgeo.org"
| #define PACKAGE_URL ""
| #define PACKAGE "tiff"
| #define VERSION "4.7.0"
| #define HAVE_STDIO_H 1
| #define HAVE_STDLIB_H 1
| #define HAVE_STRING_H 1
| #define HAVE_INTTYPES_H 1
| #define HAVE_STDINT_H 1
| #define HAVE_STRINGS_H 1
| #define HAVE_SYS_STAT_H 1
| #define HAVE_SYS_TYPES_H 1
| #define HAVE_UNISTD_H 1
| #define HAVE_SYS_TIME_H 1
| #define STDC_HEADERS 1
| #define HAVE_DLFCN_H 1
| #define LT_OBJDIR ".libs/"
| #define HAVE_ASSERT_H 1
| #define HAVE_FCNTL_H 1
| #define HAVE_SEARCH_H 1
| #define HAVE_UNISTD_H 1
| #define TIME_WITH_SYS_TIME 1
| #define HAVE_FSEEKO 1
| #define HAVE_DECL_OPTARG 1
| #define SIZEOF_SIZE_T 8
| #define TIFF_SSIZE_T int64_t
| #define HAVE_MMAP 1
| #define HAVE_GETOPT 1
| #define HOST_BIGENDIAN 0
| #define HAVE_IEEEFP 1
| #define CCITT_SUPPORT 1
| #define PACKBITS_SUPPORT 1
| #define LZW_SUPPORT 1
| #define THUNDER_SUPPORT 1
| #define NEXT_SUPPORT 1
| #define LOGLUV_SUPPORT 1
| #define MDI_SUPPORT 1
| #define ZIP_SUPPORT 1
| #define LIBDEFLATE_SUPPORT 1
| #define PIXARLOG_SUPPORT 1
| #define JPEG_SUPPORT 1
| #define OJPEG_SUPPORT 1
| #define JBIG_SUPPORT 1
| #define HAVE_JBG_NEWLEN 1
| #define LZMA_SUPPORT 1
| #define CXX_SUPPORT 1
| #define HAVE_PTHREAD 1
| #define HAVE_GL_GL_H 1
| #define HAVE_GL_GLU_H 1
| /* end confdefs.h.  */
| 
| # if defined(HAVE_WINDOWS_H) && defined(_WIN32)
| #   include <windows.h>
| # endif
| # ifdef HAVE_GL_GLU_H
| #   include <GL/glu.h>
| # elif defined(HAVE_OPENGL_GLU_H)
| #   include <OpenGL/glu.h>
| # else
| #   error no glu.h
| # endif
| int
| main (void)
| {
| gluBeginCurve(0)
|   ;
|   return 0;
| }
configure:21945: g++ -o conftest -g -O2    conftest.cpp -lglu32 -lGL  -lm -llzma -ljbig -ljpeg -ldeflate -lz -lm  >&5
/usr/bin/ld: cannot find -lglu32: No such file or directory
collect2: error: ld returned 1 exit status
configure:21945: $? = 1
configure: failed program was:
| /* confdefs.h */
| #define PACKAGE_NAME "LibTIFF Software"
| #define PACKAGE_TARNAME "tiff"
| #define PACKAGE_VERSION "4.7.0"
| #define PACKAGE_STRING "LibTIFF Software 4.7.0"
| #define PACKAGE_BUGREPORT "tiff@lists.osgeo.org"
| #define PACKAGE_URL ""
| #define PACKAGE "tiff"
| #define VERSION "4.7.0"
| #define HAVE_STDIO_H 1
| #define HAVE_STDLIB_H 1
| #define HAVE_STRING_H 1
| #define HAVE_INTTYPES_H 1
| #define HAVE_STDINT_H 1
| #define HAVE_STRINGS_H 1
| #define HAVE_SYS_STAT_H 1
| #define HAVE_SYS_TYPES_H 1
| #define HAVE_UNISTD_H 1
| #define HAVE_SYS_TIME_H 1
| #define STDC_HEADERS 1
| #define HAVE_DLFCN_H 1
| #define LT_OBJDIR ".libs/"
| #define HAVE_ASSERT_H 1
| #define HAVE_FCNTL_H 1
| #define HAVE_SEARCH_H 1
| #define HAVE_UNISTD_H 1
| #define TIME_WITH_SYS_TIME 1
| #define HAVE_FSEEKO 1
| #define HAVE_DECL_OPTARG 1
| #define SIZEOF_SIZE_T 8
| #define TIFF_SSIZE_T int64_t
| #define HAVE_MMAP 1
| #define HAVE_GETOPT 1
| #define HOST_BIGENDIAN 0
| #define HAVE_IEEEFP 1
| #define CCITT_SUPPORT 1
| #define PACKBITS_SUPPORT 1
| #define LZW_SUPPORT 1
| #define THUNDER_SUPPORT 1
| #define NEXT_SUPPORT 1
| #define LOGLUV_SUPPORT 1
| #define MDI_SUPPORT 1
| #define ZIP_SUPPORT 1
| #define LIBDEFLATE_SUPPORT 1
| #define PIXARLOG_SUPPORT 1
| #define JPEG_SUPPORT 1
| #define OJPEG_SUPPORT 1
| #define JBIG_SUPPORT 1
| #define HAVE_JBG_NEWLEN 1
| #define LZMA_SUPPORT 1
| #define CXX_SUPPORT 1
| #define HAVE_PTHREAD 1
| #define HAVE_GL_GL_H 1
| #define HAVE_GL_GLU_H 1
| /* end confdefs.h.  */
| 
| # if defined(HAVE_WINDOWS_H) && defined(_WIN32)
| #   include <windows.h>
| # endif
| # ifdef HAVE_GL_GLU_H
| #   include <GL/glu.h>
| # elif defined(HAVE_OPENGL_GLU_H)
| #   include <OpenGL/glu.h>
| # else
| #   error no glu.h
| # endif
| int
| main (void)
| {
| gluBeginCurve(0)
|   ;
|   return 0;
| }
configure:21945: g++ -o conftest -g -O2    conftest.cpp -lGLU -lGL  -lm -llzma -ljbig -ljpeg -ldeflate -lz -lm  >&5
configure:21945: $? = 0
configure:21975: result: -lGLU
configure:21993: checking for varargs GLU tesselator callback function type
configure:22018: gcc -c  -g -O2 -Wall -W   conftest.c >&5
conftest.c: In function 'main':
conftest.c:65:44: warning: passing argument 3 of 'gluTessCallback' from incompatible pointer type [-Wincompatible-pointer-types]
   65 | GLvoid (*func)(...); gluTessCallback(0, 0, func)
      |                                            ^~~~
      |                                            |
      |                                            GLvoid (*)() {aka void (*)()}
In file included from conftest.c:58:
/usr/include/GL/glu.h:336:87: note: expected '_GLUfuncptr' {aka 'void (*)(void)'} but argument is of type 'GLvoid (*)()' {aka 'void (*)()'}
  336 | GLAPI void GLAPIENTRY gluTessCallback (GLUtesselator* tess, GLenum which, _GLUfuncptr CallBackFunc);
      |                                                                           ~~~~~~~~~~~~^~~~~~~~~~~~
conftest.c:65:22: warning: 'func' is used uninitialized [-Wuninitialized]
   65 | GLvoid (*func)(...); gluTessCallback(0, 0, func)
      |                      ^~~~~~~~~~~~~~~~~~~~~~~~~~~
conftest.c:65:10: note: 'func' was declared here
   65 | GLvoid (*func)(...); gluTessCallback(0, 0, func)
      |          ^~~~
configure:22018: $? = 0
configure:22025: result: yes
configure:22039: checking for GL/glut.h
configure:22039: gcc -c -g -O2 -Wall -W    conftest.c >&5
configure:22039: $? = 0
configure:22039: result: yes
configure:22045: checking for GLUT/glut.h
configure:22045: gcc -c -g -O2 -Wall -W    conftest.c >&5
conftest.c:86:10: fatal error: GLUT/glut.h: No such file or directory
   86 | #include <GLUT/glut.h>
      |          ^~~~~~~~~~~~~
compilation terminated.
configure:22045: $? = 1
configure: failed program was:
| /* confdefs.h */
| #define PACKAGE_NAME "LibTIFF Software"
| #define PACKAGE_TARNAME "tiff"
| #define PACKAGE_VERSION "4.7.0"
| #define PACKAGE_STRING "LibTIFF Software 4.7.0"
| #define PACKAGE_BUGREPORT "tiff@lists.osgeo.org"
| #define PACKAGE_URL ""
| #define PACKAGE "tiff"
| #define VERSION "4.7.0"
| #define HAVE_STDIO_H 1
| #define HAVE_STDLIB_H 1
| #define HAVE_STRING_H 1
| #define HAVE_INTTYPES_H 1
| #define HAVE_STDINT_H 1
| #define HAVE_STRINGS_H 1
| #define HAVE_SYS_STAT_H 1
| #define HAVE_SYS_TYPES_H 1
| #define HAVE_UNISTD_H 1
| #define HAVE_SYS_TIME_H 1
| #define STDC_HEADERS 1
| #define HAVE_DLFCN_H 1
| #define LT_OBJDIR ".libs/"
| #define HAVE_ASSERT_H 1
| #define HAVE_FCNTL_H 1
| #define HAVE_SEARCH_H 1
| #define HAVE_UNISTD_H 1
| #define TIME_WITH_SYS_TIME 1
| #define HAVE_FSEEKO 1
| #define HAVE_DECL_OPTARG 1
| #define SIZEOF_SIZE_T 8
| #define TIFF_SSIZE_T int64_t
| #define HAVE_MMAP 1
| #define HAVE_GETOPT 1
| #define HOST_BIGENDIAN 0
| #define HAVE_IEEEFP 1
| #define CCITT_SUPPORT 1
| #define PACKBITS_SUPPORT 1
| #define LZW_SUPPORT 1
| #define THUNDER_SUPPORT 1
| #define NEXT_SUPPORT 1
| #define LOGLUV_SUPPORT 1
| #define MDI_SUPPORT 1
| #define ZIP_SUPPORT 1
| #define LIBDEFLATE_SUPPORT 1
| #define PIXARLOG_SUPPORT 1
| #define JPEG_SUPPORT 1
| #define OJPEG_SUPPORT 1
| #define JBIG_SUPPORT 1
| #define HAVE_JBG_NEWLEN 1
| #define LZMA_SUPPORT 1
| #define CXX_SUPPORT 1
| #define HAVE_PTHREAD 1
| #define HAVE_GL_GL_H 1
| #define HAVE_GL_GLU_H 1
| #define HAVE_VARARGS_GLU_TESSCB 1
| #define HAVE_GL_GLUT_H 1
| /* end confdefs.h.  */
| #include <stddef.h>
| #ifdef HAVE_STDIO_H
| # include <stdio.h>
| #endif
| #ifdef HAVE_STDLIB_H
| # include <stdlib.h>
| #endif
| #ifdef HAVE_STRING_H
| # include <string.h>
| #endif
| #ifdef HAVE_INTTYPES_H
| # include <inttypes.h>
| #endif
| #ifdef HAVE_STDINT_H
| # include <stdint.h>
| #endif
| #ifdef HAVE_STRINGS_H
| # include <strings.h>
| #endif
| #ifdef HAVE_SYS_TYPES_H
| # include <sys/types.h>
| #endif
| #ifdef HAVE_SYS_STAT_H
| # include <sys/stat.h>
| #endif
| #ifdef HAVE_UNISTD_H
| # include <unistd.h>
| #endif
| #include <GLUT/glut.h>
configure:22045: result: no
configure:22064: checking for GLUT library
configure:22111: gcc -o conftest -g -O2 -Wall -W     conftest.c -lglut32  -lSM -lICE -lXi  -lGLU -lGL  -lm -llzma -ljbig -ljpeg -ldeflate -lz -lm  >&5
/usr/bin/ld: cannot find -lglut32: No such file or directory
collect2: error: ld returned 1 exit status
configure:22111: $? = 1
configure: failed program was:
| /* confdefs.h */
| #define PACKAGE_NAME "LibTIFF Software"
| #define PACKAGE_TARNAME "tiff"
| #define PACKAGE_VERSION "4.7.0"
| #define PACKAGE_STRING "LibTIFF Software 4.7.0"
| #define PACKAGE_BUGREPORT "tiff@lists.osgeo.org"
| #define PACKAGE_URL ""
| #define PACKAGE "tiff"
| #define VERSION "4.7.0"
| #define HAVE_STDIO_H 1
| #define HAVE_STDLIB_H 1
| #define HAVE_STRING_H 1
| #define HAVE_INTTYPES_H 1
| #define HAVE_STDINT_H 1
| #define HAVE_STRINGS_H 1
| #define HAVE_SYS_STAT_H 1
| #define HAVE_SYS_TYPES_H 1
| #define HAVE_UNISTD_H 1
| #define HAVE_SYS_TIME_H 1
| #define STDC_HEADERS 1
| #define HAVE_DLFCN_H 1
| #define LT_OBJDIR ".libs/"
| #define HAVE_ASSERT_H 1
| #define HAVE_FCNTL_H 1
| #define HAVE_SEARCH_H 1
| #define HAVE_UNISTD_H 1
| #define TIME_WITH_SYS_TIME 1
| #define HAVE_FSEEKO 1
| #define HAVE_DECL_OPTARG 1
| #define SIZEOF_SIZE_T 8
| #define TIFF_SSIZE_T int64_t
| #define HAVE_MMAP 1
| #define HAVE_GETOPT 1
| #define HOST_BIGENDIAN 0
| #define HAVE_IEEEFP 1
| #define CCITT_SUPPORT 1
| #define PACKBITS_SUPPORT 1
| #define LZW_SUPPORT 1
| #define THUNDER_SUPPORT 1
| #define NEXT_SUPPORT 1
| #define LOGLUV_SUPPORT 1
| #define MDI_SUPPORT 1
| #define ZIP_SUPPORT 1
| #define LIBDEFLATE_SUPPORT 1
| #define PIXARLOG_SUPPORT 1
| #define JPEG_SUPPORT 1
| #define OJPEG_SUPPORT 1
| #define JBIG_SUPPORT 1
| #define HAVE_JBG_NEWLEN 1
| #define LZMA_SUPPORT 1
| #define CXX_SUPPORT 1
| #define HAVE_PTHREAD 1
| #define HAVE_GL_GL_H 1
| #define HAVE_GL_GLU_H 1
| #define HAVE_VARARGS_GLU_TESSCB 1
| #define HAVE_GL_GLUT_H 1
| /* end confdefs.h.  */
| 
| # if HAVE_WINDOWS_H && defined(_WIN32)
| #   include <windows.h>
| # endif
| # ifdef HAVE_GL_GLUT_H
| #   include <GL/glut.h>
| # elif defined(HAVE_GLUT_GLUT_H)
| #   include <GLUT/glut.h>
| # else
| #   error no glut.h
| # endif
| int
| main (void)
| {
| glutMainLoop()
|   ;
|   return 0;
| }
configure:22111: gcc -o conftest -g -O2 -Wall -W     conftest.c -lglut  -lSM -lICE -lXi  -lGLU -lGL  -lm -llzma -ljbig -ljpeg -ldeflate -lz -lm  >&5
configure:22111: $? = 0
configure:22160: result: -lglut
configure:22197: checking for windows.h
configure:22197: result: no
configure:22365: checking for python3.16
configure:22400: result: no
configure:22365: checking for python3.15
configure:22400: result: no
configure:22365: checking for python3.14
configure:22400: result: no
configure:22365: checking for python3.13
configure:22400: result: no
configure:22365: checking for python3.12
configure:22400: result: no
configure:22365: checking for python3.11
configure:22400: result: no
configure:22365: checking for python3.10
configure:22386: found /usr/bin/python3.10
configure:22397: result: python3.10
configure:22426: checking for sphinx-build
configure:22462: result: no
configure:22481: checking generated manual pages
configure:22490: result: done
configure:22616: checking that generated files are newer than configure
configure:22622: result: done
configure:22730: creating ./config.status

## ---------------------- ##
## Running config.status. ##
## ---------------------- ##

This file was extended by LibTIFF Software config.status 4.7.0, which was
generated by GNU Autoconf 2.71.  Invocation command line was

  CONFIG_FILES    = 
  CONFIG_HEADERS  = 
  CONFIG_LINKS    = 
  CONFIG_COMMANDS = 
  $ ./config.status 

on shen-virtual-machine

config.status:1373: creating Makefile
config.status:1373: creating build/Makefile
config.status:1373: creating contrib/Makefile
config.status:1373: creating contrib/addtiffo/Makefile
config.status:1373: creating contrib/dbs/Makefile
config.status:1373: creating contrib/dbs/xtiff/Makefile
config.status:1373: creating contrib/iptcutil/Makefile
config.status:1373: creating contrib/mfs/Makefile
config.status:1373: creating contrib/pds/Makefile
config.status:1373: creating contrib/ras/Makefile
config.status:1373: creating contrib/stream/Makefile
config.status:1373: creating contrib/tags/Makefile
config.status:1373: creating contrib/win_dib/Makefile
config.status:1373: creating doc/Makefile
config.status:1373: creating libtiff-4.pc
config.status:1373: creating libtiff/Makefile
config.status:1373: creating libtiff/tiffvers.h
config.status:1373: creating port/Makefile
config.status:1373: creating test/Makefile
config.status:1373: creating tools/Makefile
config.status:1373: creating config/config.h
config.status:1554: config/config.h is unchanged
config.status:1373: creating libtiff/tif_config.h
config.status:1554: libtiff/tif_config.h is unchanged
config.status:1373: creating libtiff/tiffconf.h
config.status:1554: libtiff/tiffconf.h is unchanged
config.status:1373: creating port/libport_config.h
config.status:1554: port/libport_config.h is unchanged
config.status:1602: executing depfiles commands
config.status:1679: cd contrib/addtiffo       && sed -e '/# am--include-marker/d' Makefile         | make -f - am--depfiles
make: Nothing to be done for 'am--depfiles'.
config.status:1684: $? = 0
config.status:1679: cd contrib/dbs       && sed -e '/# am--include-marker/d' Makefile         | make -f - am--depfiles
make: Nothing to be done for 'am--depfiles'.
config.status:1684: $? = 0
config.status:1679: cd contrib/iptcutil       && sed -e '/# am--include-marker/d' Makefile         | make -f - am--depfiles
make: Nothing to be done for 'am--depfiles'.
config.status:1684: $? = 0
config.status:1679: cd libtiff       && sed -e '/# am--include-marker/d' Makefile         | make -f - am--depfiles
make: Nothing to be done for 'am--depfiles'.
config.status:1684: $? = 0
config.status:1679: cd port       && sed -e '/# am--include-marker/d' Makefile         | make -f - am--depfiles
make: Nothing to be done for 'am--depfiles'.
config.status:1684: $? = 0
config.status:1679: cd test       && sed -e '/# am--include-marker/d' Makefile         | make -f - am--depfiles
make: Nothing to be done for 'am--depfiles'.
config.status:1684: $? = 0
config.status:1679: cd tools       && sed -e '/# am--include-marker/d' Makefile         | make -f - am--depfiles
make: Nothing to be done for 'am--depfiles'.
config.status:1684: $? = 0
config.status:1602: executing libtool commands

## ---------------- ##
## Cache variables. ##
## ---------------- ##

ac_cv_build=x86_64-pc-linux-gnu
ac_cv_c_bigendian=no
ac_cv_c_compiler_gnu=yes
ac_cv_c_const=yes
ac_cv_c_undeclared_builtin_options='none needed'
ac_cv_cxx_compiler_gnu=yes
ac_cv_env_CCC_set=
ac_cv_env_CCC_value=
ac_cv_env_CC_set=
ac_cv_env_CC_value=
ac_cv_env_CFLAGS_set=
ac_cv_env_CFLAGS_value=
ac_cv_env_CPPFLAGS_set=
ac_cv_env_CPPFLAGS_value=
ac_cv_env_CPP_set=
ac_cv_env_CPP_value=
ac_cv_env_CXXCPP_set=
ac_cv_env_CXXCPP_value=
ac_cv_env_CXXFLAGS_set=
ac_cv_env_CXXFLAGS_value=
ac_cv_env_CXX_set=
ac_cv_env_CXX_value=
ac_cv_env_LDFLAGS_set=
ac_cv_env_LDFLAGS_value=
ac_cv_env_LIBS_set=
ac_cv_env_LIBS_value=
ac_cv_env_LT_SYS_LIBRARY_PATH_set=
ac_cv_env_LT_SYS_LIBRARY_PATH_value=
ac_cv_env_XMKMF_set=
ac_cv_env_XMKMF_value=
ac_cv_env_build_alias_set=
ac_cv_env_build_alias_value=
ac_cv_env_host_alias_set=
ac_cv_env_host_alias_value=
ac_cv_env_target_alias_set=
ac_cv_env_target_alias_value=
ac_cv_func_connect=yes
ac_cv_func_gethostbyname=yes
ac_cv_func_getopt=yes
ac_cv_func_jbg_newlen=yes
ac_cv_func_mmap=yes
ac_cv_func_remove=yes
ac_cv_func_setmode=no
ac_cv_func_shmat=yes
ac_cv_have_decl_optarg=yes
ac_cv_have_x='have_x=yes	ac_x_includes='\'''\''	ac_x_libraries='\'''\'''
ac_cv_header_GLUT_glut_h=no
ac_cv_header_GL_gl_h=yes
ac_cv_header_GL_glu_h=yes
ac_cv_header_GL_glut_h=yes
ac_cv_header_Lerc_c_api_h=no
ac_cv_header_OpenGL_gl_h=no
ac_cv_header_OpenGL_glu_h=no
ac_cv_header_assert_h=yes
ac_cv_header_dlfcn_h=yes
ac_cv_header_fcntl_h=yes
ac_cv_header_inttypes_h=yes
ac_cv_header_io_h=no
ac_cv_header_jbig_h=yes
ac_cv_header_jpeglib_h=yes
ac_cv_header_libdeflate_h=yes
ac_cv_header_lzma_h=yes
ac_cv_header_search_h=yes
ac_cv_header_stdint_h=yes
ac_cv_header_stdio_h=yes
ac_cv_header_stdlib_h=yes
ac_cv_header_string_h=yes
ac_cv_header_strings_h=yes
ac_cv_header_sys_stat_h=yes
ac_cv_header_sys_time_h=yes
ac_cv_header_sys_types_h=yes
ac_cv_header_unistd_h=yes
ac_cv_header_webp_decode_h=no
ac_cv_header_windows_h=no
ac_cv_header_zlib_h=yes
ac_cv_header_zstd_h=no
ac_cv_host=x86_64-pc-linux-gnu
ac_cv_lib_ICE_IceConnectionNumber=yes
ac_cv_lib_LercLib_lerc_decode=no
ac_cv_lib_Lerc_lerc_decode=no
ac_cv_lib_deflate_libdeflate_zlib_decompress=yes
ac_cv_lib_jbig_jbg_dec_init=yes
ac_cv_lib_jpeg_jpeg12_read_scanlines=no
ac_cv_lib_jpeg_jpeg_read_scanlines=yes
ac_cv_lib_lzma_lzma_code=yes
ac_cv_lib_m_sin=yes
ac_cv_lib_webp_WebPDecode=no
ac_cv_lib_z_inflateEnd=yes
ac_cv_lib_zstd_ZSTD_decompressStream=no
ac_cv_objext=o
ac_cv_path_CMAKE=/usr/bin/cmake
ac_cv_path_EGREP='/usr/bin/grep -E'
ac_cv_path_FGREP='/usr/bin/grep -F'
ac_cv_path_GREP=/usr/bin/grep
ac_cv_path_SED=/usr/bin/sed
ac_cv_path_SPHINX_BUILD=no
ac_cv_path_install='/usr/bin/install -c'
ac_cv_path_lt_DD=/usr/bin/dd
ac_cv_path_mkdir=/usr/bin/mkdir
ac_cv_prog_AWK=mawk
ac_cv_prog_CPP='gcc -E'
ac_cv_prog_CXXCPP='g++ -E'
ac_cv_prog_PYTHON_BIN=python3.10
ac_cv_prog_ac_ct_AR=ar
ac_cv_prog_ac_ct_CC=gcc
ac_cv_prog_ac_ct_CXX=g++
ac_cv_prog_ac_ct_MANIFEST_TOOL=mt
ac_cv_prog_ac_ct_OBJDUMP=objdump
ac_cv_prog_ac_ct_RANLIB=ranlib
ac_cv_prog_ac_ct_STRIP=strip
ac_cv_prog_cc_c11=
ac_cv_prog_cc_g=yes
ac_cv_prog_cc_stdc=
ac_cv_prog_cxx_11=no
ac_cv_prog_cxx_cxx11=
ac_cv_prog_cxx_g=yes
ac_cv_prog_cxx_stdcxx=
ac_cv_prog_make_make_set=yes
ac_cv_sizeof_size_t=8
ac_cv_struct_tm=time.h
ac_cv_sys_file_offset_bits=no
ac_cv_sys_largefile_CC=no
ac_cv_sys_largefile_source=no
ac_cv_type_off_t=yes
ac_cv_type_size_t=yes
am_cv_CC_dependencies_compiler_type=gcc3
am_cv_CXX_dependencies_compiler_type=gcc3
am_cv_make_support_nested_variables=yes
am_cv_prog_cc_c_o=yes
am_cv_prog_tar_ustar=gnutar
ax_cv_c_compiler_ms=no
ax_cv_check_gl_libgl=-lGL
ax_cv_check_glu_libglu=-lGLU
ax_cv_check_glut_libglut=-lglut
ax_cv_varargs_glu_tesscb=yes
lt_cv_ar_at_file=@
lt_cv_archive_cmds_need_lc=no
lt_cv_deplibs_check_method=pass_all
lt_cv_file_magic_cmd='$MAGIC_CMD'
lt_cv_file_magic_test_file=
lt_cv_ld_reload_flag=-r
lt_cv_nm_interface='BSD nm'
lt_cv_objdir=.libs
lt_cv_path_LD=/usr/bin/ld
lt_cv_path_LDCXX='/usr/bin/ld -m elf_x86_64'
lt_cv_path_NM='/usr/bin/nm -B'
lt_cv_path_mainfest_tool=no
lt_cv_prog_compiler_c_o=yes
lt_cv_prog_compiler_c_o_CXX=yes
lt_cv_prog_compiler_pic='-fPIC -DPIC'
lt_cv_prog_compiler_pic_CXX='-fPIC -DPIC'
lt_cv_prog_compiler_pic_works=yes
lt_cv_prog_compiler_pic_works_CXX=yes
lt_cv_prog_compiler_rtti_exceptions=no
lt_cv_prog_compiler_static_works=yes
lt_cv_prog_compiler_static_works_CXX=yes
lt_cv_prog_gnu_ld=yes
lt_cv_prog_gnu_ldcxx=yes
lt_cv_sharedlib_from_linklib_cmd='printf %s\n'
lt_cv_shlibpath_overrides_runpath=yes
lt_cv_sys_global_symbol_pipe='sed -n -e '\''s/^.*[	 ]\([ABCDGIRSTW][ABCDGIRSTW]*\)[	 ][	 ]*\([_A-Za-z][_A-Za-z0-9]*\)$/\1 \2 \2/p'\'' | sed '\''/ __gnu_lto/d'\'''
lt_cv_sys_global_symbol_to_c_name_address='sed -n -e '\''s/^: \(.*\) .*$/  {"\1", (void *) 0},/p'\'' -e '\''s/^[ABCDGIRSTW][ABCDGIRSTW]* .* \(.*\)$/  {"\1", (void *) \&\1},/p'\'''
lt_cv_sys_global_symbol_to_c_name_address_lib_prefix='sed -n -e '\''s/^: \(.*\) .*$/  {"\1", (void *) 0},/p'\'' -e '\''s/^[ABCDGIRSTW][ABCDGIRSTW]* .* \(lib.*\)$/  {"\1", (void *) \&\1},/p'\'' -e '\''s/^[ABCDGIRSTW][ABCDGIRSTW]* .* \(.*\)$/  {"lib\1", (void *) \&\1},/p'\'''
lt_cv_sys_global_symbol_to_cdecl='sed -n -e '\''s/^T .* \(.*\)$/extern int \1();/p'\'' -e '\''s/^[ABCDGIRSTW][ABCDGIRSTW]* .* \(.*\)$/extern char \1;/p'\'''
lt_cv_sys_global_symbol_to_import=
lt_cv_sys_max_cmd_len=1572864
lt_cv_to_host_file_cmd=func_convert_file_noop
lt_cv_to_tool_file_cmd=func_convert_file_noop
lt_cv_truncate_bin='/usr/bin/dd bs=4096 count=1'
vl_cv_prog_cc_warnings='-Wall -W'

## ----------------- ##
## Output variables. ##
## ----------------- ##

ACLOCAL='${SHELL} '\''/home/shen/MDAFL/static_analysis/benchmark/projects/libtiff/config/missing'\'' aclocal-1.16'
AMDEPBACKSLASH='\'
AMDEP_FALSE='#'
AMDEP_TRUE=''
AMTAR='$${TAR-tar}'
AM_BACKSLASH='\'
AM_DEFAULT_V='$(AM_DEFAULT_VERBOSITY)'
AM_DEFAULT_VERBOSITY='1'
AM_V='$(V)'
AR='ar'
AS='as'
AUTOCONF='${SHELL} '\''/home/shen/MDAFL/static_analysis/benchmark/projects/libtiff/config/missing'\'' autoconf'
AUTOHEADER='${SHELL} '\''/home/shen/MDAFL/static_analysis/benchmark/projects/libtiff/config/missing'\'' autoheader'
AUTOMAKE='${SHELL} '\''/home/shen/MDAFL/static_analysis/benchmark/projects/libtiff/config/missing'\'' automake-1.16'
AWK='mawk'
BUILD_STATIC_FALSE='#'
BUILD_STATIC_TRUE=''
CC='gcc'
CCDEPMODE='depmode=gcc3'
CFLAGS='-g -O2 -Wall -W'
CMAKE='/usr/bin/cmake'
CPP='gcc -E'
CPPFLAGS=''
CSCOPE='cscope'
CTAGS='ctags'
CXX='g++'
CXXCPP='g++ -E'
CXXDEPMODE='depmode=gcc3'
CXXFLAGS='-g -O2'
CYGPATH_W='echo'
DEFS='-DHAVE_CONFIG_H'
DEPDIR='.deps'
DLLTOOL='false'
DSYMUTIL=''
DUMPBIN=''
ECHO_C=''
ECHO_N='-n'
ECHO_T=''
EGREP='/usr/bin/grep -E'
ETAGS='etags'
EXEEXT=''
FGREP='/usr/bin/grep -F'
GLUT_CFLAGS=''
GLUT_LIBS='-lglut  -lSM -lICE -lXi  -lGLU -lGL  -lm'
GLU_CFLAGS=''
GLU_LIBS='-lGLU -lGL  -lm'
GL_CFLAGS=''
GL_LIBS='-lGL  -lm'
GREP='/usr/bin/grep'
HAVE_CXX_FALSE='#'
HAVE_CXX_TRUE=''
HAVE_JBIG_FALSE='#'
HAVE_JBIG_TRUE=''
HAVE_JPEGTURBO_DUAL_MODE_8_12_FALSE=''
HAVE_JPEGTURBO_DUAL_MODE_8_12_TRUE='#'
HAVE_JPEG_FALSE='#'
HAVE_JPEG_TRUE=''
HAVE_LD_VERSION_SCRIPT_FALSE='#'
HAVE_LD_VERSION_SCRIPT_TRUE=''
HAVE_LERC_FALSE=''
HAVE_LERC_TRUE='#'
HAVE_LZMA_FALSE='#'
HAVE_LZMA_TRUE=''
HAVE_OPENGL_FALSE='#'
HAVE_OPENGL_TRUE=''
HAVE_RPATH_FALSE=''
HAVE_RPATH_TRUE='#'
HAVE_WEBP_FALSE=''
HAVE_WEBP_TRUE='#'
HAVE_ZSTD_FALSE=''
HAVE_ZSTD_TRUE='#'
INSTALL_DATA='${INSTALL} -m 644'
INSTALL_PROGRAM='${INSTALL}'
INSTALL_SCRIPT='${INSTALL}'
INSTALL_STRIP_PROGRAM='$(install_sh) -c -s'
LD='/usr/bin/ld -m elf_x86_64'
LDFLAGS=''
LIBDIR=''
LIBOBJS=''
LIBS='-llzma -ljbig -ljpeg -ldeflate -lz -lm '
LIBTIFF_ALPHA_VERSION=''
LIBTIFF_DOCDIR='${prefix}/share/doc/tiff-4.7.0'
LIBTIFF_MAJOR_VERSION='4'
LIBTIFF_MICRO_VERSION='0'
LIBTIFF_MINOR_VERSION='7'
LIBTIFF_RELEASE_DATE='20240911'
LIBTIFF_VERSION='4.7.0'
LIBTIFF_VERSION_INFO='7:0:1'
LIBTOOL='$(SHELL) $(top_builddir)/libtool'
LIPO=''
LN_S='ln -s'
LTLIBOBJS=''
LT_SYS_LIBRARY_PATH=''
MAINT='#'
MAINTAINER_MODE_FALSE=''
MAINTAINER_MODE_TRUE='#'
MAKEINFO='${SHELL} '\''/home/shen/MDAFL/static_analysis/benchmark/projects/libtiff/config/missing'\'' makeinfo'
MANIFEST_TOOL=':'
MKDIR_P='/usr/bin/mkdir -p'
NM='/usr/bin/nm -B'
NMEDIT=''
OBJDUMP='objdump'
OBJEXT='o'
OTOOL64=''
OTOOL=''
PACKAGE='tiff'
PACKAGE_BUGREPORT='tiff@lists.osgeo.org'
PACKAGE_NAME='LibTIFF Software'
PACKAGE_STRING='LibTIFF Software 4.7.0'
PACKAGE_TARNAME='tiff'
PACKAGE_URL=''
PACKAGE_VERSION='4.7.0'
PATH_SEPARATOR=':'
PTHREAD_CC='gcc'
PTHREAD_CFLAGS=''
PTHREAD_LIBS=''
PYTHON_BIN='python3.10'
RANLIB='ranlib'
SED='/usr/bin/sed'
SET_MAKE=''
SHELL='/bin/bash'
SPHINX_BUILD='no'
SPHINX_FALSE=''
SPHINX_TRUE='#'
STATIC_LERC_FALSE='#'
STATIC_LERC_TRUE=''
STRIP='strip'
TIFF_CONTRIB_FALSE='#'
TIFF_CONTRIB_TRUE=''
TIFF_DOCS_FALSE='#'
TIFF_DOCS_TRUE=''
TIFF_MAN1_GEN='man/fax2ps.1 man/fax2tiff.1 man/pal2rgb.1 man/ppm2tiff.1 man/raw2tiff.1 man/rgb2ycbcr.1 man/thumbnail.1 man/tiff2bw.1 man/tiff2pdf.1 man/tiff2ps.1 man/tiff2rgba.1 man/tiffcmp.1 man/tiffcp.1 man/tiffcrop.1 man/tiffdither.1 man/tiffdump.1 man/tiffgt.1 man/tiffinfo.1 man/tiffmedian.1 man/tiffset.1 man/tiffsplit.1'
TIFF_MAN1_PREBUILT=''
TIFF_MAN3_GEN='man/libtiff.3tiff man/_TIFFauxiliary.3tiff man/_TIFFRewriteField.3tiff man/TIFFAccessTagMethods.3tiff man/TIFFbuffer.3tiff man/TIFFClientInfo.3tiff man/TIFFClose.3tiff man/TIFFcodec.3tiff man/TIFFcolor.3tiff man/TIFFCreateDirectory.3tiff man/TIFFCustomDirectory.3tiff man/TIFFCustomTagList.3tiff man/TIFFDataWidth.3tiff man/TIFFDeferStrileArrayWriting.3tiff man/TIFFError.3tiff man/TIFFFieldDataType.3tiff man/TIFFFieldName.3tiff man/TIFFFieldPassCount.3tiff man/TIFFFieldQuery.3tiff man/TIFFFieldReadCount.3tiff man/TIFFFieldTag.3tiff man/TIFFFieldWriteCount.3tiff man/TIFFFlush.3tiff man/TIFFGetField.3tiff man/TIFFmemory.3tiff man/TIFFMergeFieldInfo.3tiff man/TIFFOpen.3tiff man/TIFFPrintDirectory.3tiff man/TIFFProcFunctions.3tiff man/TIFFquery.3tiff man/TIFFReadDirectory.3tiff man/TIFFReadEncodedStrip.3tiff man/TIFFReadEncodedTile.3tiff man/TIFFReadFromUserBuffer.3tiff man/TIFFReadRawStrip.3tiff man/TIFFReadRawTile.3tiff man/TIFFReadRGBAImage.3tiff man/TIFFReadRGBAStrip.3tiff man/TIFFReadRGBATile.3tiff man/TIFFReadScanline.3tiff man/TIFFReadTile.3tiff man/TIFFRGBAImage.3tiff man/TIFFSetDirectory.3tiff man/TIFFSetField.3tiff man/TIFFSetTagExtender.3tiff man/TIFFsize.3tiff man/TIFFStrileQuery.3tiff man/TIFFstrip.3tiff man/TIFFswab.3tiff man/TIFFtile.3tiff man/TIFFWarning.3tiff man/TIFFWriteDirectory.3tiff man/TIFFWriteEncodedStrip.3tiff man/TIFFWriteEncodedTile.3tiff man/TIFFWriteRawStrip.3tiff man/TIFFWriteRawTile.3tiff man/TIFFWriteScanline.3tiff man/TIFFWriteTile.3tiff'
TIFF_MAN3_PREBUILT=''
TIFF_MAN_RULES='man/libtiff.3tiff: all-local
TIFF_TESTS_FALSE='#'
TIFF_TESTS_TRUE=''
TIFF_TOOLS_FALSE='#'
TIFF_TOOLS_TRUE=''
VERSION='4.7.0'
WIN32_IO_FALSE=''
WIN32_IO_TRUE='#'
XMKMF=''
X_CFLAGS=''
X_EXTRA_LIBS=''
X_LIBS=''
X_PRE_LIBS=' -lSM -lICE'
ac_ct_AR='ar'
ac_ct_CC='gcc'
ac_ct_CXX='g++'
ac_ct_DUMPBIN=''
am__EXEEXT_FALSE=''
am__EXEEXT_TRUE='#'
am__fastdepCC_FALSE='#'
am__fastdepCC_TRUE=''
am__fastdepCXX_FALSE='#'
am__fastdepCXX_TRUE=''
am__include='include'
am__isrc=''
am__leading_dot='.'
am__nodep='_no'
am__quote=''
am__tar='tar --format=ustar -chf - "$$tardir"'
am__untar='tar -xf -'
ax_pthread_config=''
bindir='${exec_prefix}/bin'
build='x86_64-pc-linux-gnu'
build_alias=''
build_cpu='x86_64'
build_os='linux-gnu'
build_vendor='pc'
datadir='${datarootdir}'
datarootdir='${prefix}/share'
docdir='${datarootdir}/doc/${PACKAGE_TARNAME}'
dvidir='${docdir}'
exec_prefix='${prefix}'
host='x86_64-pc-linux-gnu'
host_alias=''
host_cpu='x86_64'
host_os='linux-gnu'
host_vendor='pc'
htmldir='${docdir}'
includedir='${prefix}/include'
infodir='${datarootdir}/info'
install_sh='${SHELL} /home/shen/MDAFL/static_analysis/benchmark/projects/libtiff/config/install-sh'
libdir='${exec_prefix}/lib'
libexecdir='${exec_prefix}/libexec'
localedir='${datarootdir}/locale'
localstatedir='${prefix}/var'
man/TIFFAccessTagMethods.3tiff: all-local
man/TIFFClientInfo.3tiff: all-local
man/TIFFClose.3tiff: all-local
man/TIFFCreateDirectory.3tiff: all-local
man/TIFFCustomDirectory.3tiff: all-local
man/TIFFCustomTagList.3tiff: all-local
man/TIFFDataWidth.3tiff: all-local
man/TIFFDeferStrileArrayWriting.3tiff: all-local
man/TIFFError.3tiff: all-local
man/TIFFFieldDataType.3tiff: all-local
man/TIFFFieldName.3tiff: all-local
man/TIFFFieldPassCount.3tiff: all-local
man/TIFFFieldQuery.3tiff: all-local
man/TIFFFieldReadCount.3tiff: all-local
man/TIFFFieldTag.3tiff: all-local
man/TIFFFieldWriteCount.3tiff: all-local
man/TIFFFlush.3tiff: all-local
man/TIFFGetField.3tiff: all-local
man/TIFFMergeFieldInfo.3tiff: all-local
man/TIFFOpen.3tiff: all-local
man/TIFFPrintDirectory.3tiff: all-local
man/TIFFProcFunctions.3tiff: all-local
man/TIFFRGBAImage.3tiff: all-local
man/TIFFReadDirectory.3tiff: all-local
man/TIFFReadEncodedStrip.3tiff: all-local
man/TIFFReadEncodedTile.3tiff: all-local
man/TIFFReadFromUserBuffer.3tiff: all-local
man/TIFFReadRGBAImage.3tiff: all-local
man/TIFFReadRGBAStrip.3tiff: all-local
man/TIFFReadRGBATile.3tiff: all-local
man/TIFFReadRawStrip.3tiff: all-local
man/TIFFReadRawTile.3tiff: all-local
man/TIFFReadScanline.3tiff: all-local
man/TIFFReadTile.3tiff: all-local
man/TIFFSetDirectory.3tiff: all-local
man/TIFFSetField.3tiff: all-local
man/TIFFSetTagExtender.3tiff: all-local
man/TIFFStrileQuery.3tiff: all-local
man/TIFFWarning.3tiff: all-local
man/TIFFWriteDirectory.3tiff: all-local
man/TIFFWriteEncodedStrip.3tiff: all-local
man/TIFFWriteEncodedTile.3tiff: all-local
man/TIFFWriteRawStrip.3tiff: all-local
man/TIFFWriteRawTile.3tiff: all-local
man/TIFFWriteScanline.3tiff: all-local
man/TIFFWriteTile.3tiff: all-local'
man/TIFFbuffer.3tiff: all-local
man/TIFFcodec.3tiff: all-local
man/TIFFcolor.3tiff: all-local
man/TIFFmemory.3tiff: all-local
man/TIFFquery.3tiff: all-local
man/TIFFsize.3tiff: all-local
man/TIFFstrip.3tiff: all-local
man/TIFFswab.3tiff: all-local
man/TIFFtile.3tiff: all-local
man/_TIFFRewriteField.3tiff: all-local
man/_TIFFauxiliary.3tiff: all-local
man/fax2ps.1: all-local
man/fax2tiff.1: all-local
man/pal2rgb.1: all-local
man/ppm2tiff.1: all-local
man/raw2tiff.1: all-local
man/rgb2ycbcr.1: all-local
man/thumbnail.1: all-local
man/tiff2bw.1: all-local
man/tiff2pdf.1: all-local
man/tiff2ps.1: all-local
man/tiff2rgba.1: all-local
man/tiffcmp.1: all-local
man/tiffcp.1: all-local
man/tiffcrop.1: all-local
man/tiffdither.1: all-local
man/tiffdump.1: all-local
man/tiffgt.1: all-local
man/tiffinfo.1: all-local
man/tiffmedian.1: all-local
man/tiffset.1: all-local
man/tiffsplit.1: all-local
mandir='${datarootdir}/man'
mkdir_p='$(MKDIR_P)'
oldincludedir='/usr/include'
pdfdir='${docdir}'
prefix='/usr/local'
program_transform_name='s,x,x,'
psdir='${docdir}'
runstatedir='${localstatedir}/run'
sbindir='${exec_prefix}/sbin'
sharedstatedir='${prefix}/com'
sysconfdir='${prefix}/etc'
target_alias=''
tiff_libs_private='-llzma -ljbig -ljpeg -ldeflate -lz -lm '
tiff_requires_private='liblzma libjpeg libdeflate zlib '

## ----------- ##
## confdefs.h. ##
## ----------- ##

/* confdefs.h */
#define PACKAGE_NAME "LibTIFF Software"
#define PACKAGE_TARNAME "tiff"
#define PACKAGE_VERSION "4.7.0"
#define PACKAGE_STRING "LibTIFF Software 4.7.0"
#define PACKAGE_BUGREPORT "tiff@lists.osgeo.org"
#define PACKAGE_URL ""
#define PACKAGE "tiff"
#define VERSION "4.7.0"
#define HAVE_STDIO_H 1
#define HAVE_STDLIB_H 1
#define HAVE_STRING_H 1
#define HAVE_INTTYPES_H 1
#define HAVE_STDINT_H 1
#define HAVE_STRINGS_H 1
#define HAVE_SYS_STAT_H 1
#define HAVE_SYS_TYPES_H 1
#define HAVE_UNISTD_H 1
#define HAVE_SYS_TIME_H 1
#define STDC_HEADERS 1
#define HAVE_DLFCN_H 1
#define LT_OBJDIR ".libs/"
#define HAVE_ASSERT_H 1
#define HAVE_FCNTL_H 1
#define HAVE_SEARCH_H 1
#define HAVE_UNISTD_H 1
#define TIME_WITH_SYS_TIME 1
#define HAVE_FSEEKO 1
#define HAVE_DECL_OPTARG 1
#define SIZEOF_SIZE_T 8
#define TIFF_SSIZE_T int64_t
#define HAVE_MMAP 1
#define HAVE_GETOPT 1
#define HOST_BIGENDIAN 0
#define HAVE_IEEEFP 1
#define CCITT_SUPPORT 1
#define PACKBITS_SUPPORT 1
#define LZW_SUPPORT 1
#define THUNDER_SUPPORT 1
#define NEXT_SUPPORT 1
#define LOGLUV_SUPPORT 1
#define MDI_SUPPORT 1
#define ZIP_SUPPORT 1
#define LIBDEFLATE_SUPPORT 1
#define PIXARLOG_SUPPORT 1
#define JPEG_SUPPORT 1
#define OJPEG_SUPPORT 1
#define JBIG_SUPPORT 1
#define HAVE_JBG_NEWLEN 1
#define LZMA_SUPPORT 1
#define CXX_SUPPORT 1
#define HAVE_PTHREAD 1
#define HAVE_GL_GL_H 1
#define HAVE_GL_GLU_H 1
#define HAVE_VARARGS_GLU_TESSCB 1
#define HAVE_GL_GLUT_H 1
#define STRIPCHOP_DEFAULT TIFF_STRIPCHOP
#define STRIP_SIZE_DEFAULT 8192
#define TIFF_MAX_DIR_COUNT 1048576
#define SUBIFD_SUPPORT 1
#define DEFAULT_EXTRASAMPLE_AS_ALPHA 1
#define CHECK_JPEG_YCBCR_SUBSAMPLING 1

configure: exit 0
